0,55.042,25.9,-30.765,-48.606,-25.452,14.373,-61.906,42.983,-52.99,-86.813,-31.274,-58.072,5.1663,15.702,-49.325,-56.422,-101.56,-64.254,53.092,-48.237,-62.372,31.109,-82.683,-42.479,-61.684,-41.996,-71.913,-2.8972,-0.20606,-28.812,-53.123,22.267,-112.41,-47.364,-31.498,-46.63,-31.824,-30.571,5.4794,7.6692,-22.569,-52.184,-52.021,-52.011,-50.937,-41.374,-38.418,48.475,-68.771,-53.387,-41.29,-72.972,18.574,1.6623,-2.1252,-37.9,-1.0039,-54.987,-55.292,-47.292,-76.062,-85.331
1,63.224,34.76,-28.99,-52.042,-25.72,11.446,-61.453,63.206,-50.492,-88.986,-31.758,-58.126,2.6471,23.179,-49.792,-56.684,-101.97,-62.984,52.993,-48.713,-61.223,33.855,-92.433,-43.627,-61.82,-43.193,-70.641,-2.1321,0.84288,-28.605,-52.84,23.084,-113.78,-48.271,-30.073,-47.549,-30.414,-31.733,4.2136,7.0742,-20.354,-52.393,-52.216,-52.205,-51.028,-38.763,-35.456,22.995,-67.176,-53.696,-38.671,-73.349,15.719,1.7525,-3.3556,-36.077,-1.8548,-53.995,-54.375,-43.461,-73.607,-86.848
2,50.731,28.428,-33.093,-51.288,-24.423,16.069,-63.383,59.02,-59.493,-90.476,-30.717,-59.446,9.1548,19.579,-50.028,-58.134,-101.11,-65.446,55.604,-48.766,-63.188,28.631,-80.018,-43.48,-63.67,-42.818,-73.071,0.02921,3.4187,-29.202,-52.336,22.537,-113.09,-48.245,-30.723,-47.249,-31.164,-29.548,4.0623,7.0099,-17.311,-52.292,-52.08,-52.066,-50.666,-41.484,-37.543,49.406,-63.668,-53.874,-41.372,-83.827,17.397,1.6882,-3.4039,-35.111,-1.883,-53.383,-53.757,-46.287,-66.871,-74.71
3,54.544,35.661,-24.92,-41.43,-26.919,10.556,-60.335,74.398,-51.08,-81.167,-31.714,-57.067,3.9513,16.168,-50.053,-56.752,-98.581,-64.025,66.25,-49.009,-62.283,31.5,-79.435,-41.776,-62.01,-41.28,-72.18,-0.40264,2.8625,-27.986,-53.136,22.416,-114.97,-46.633,-30.2,-45.818,-30.587,-30.713,3.9919,7.1534,-19.934,-51.903,-51.71,-51.697,-50.414,-41.553,-37.852,42.783,-67.916,-53.328,-41.449,-72.984,16.497,0.32332,-5.4094,-36.583,-3.7254,-55.379,-55.772,-49.063,-75.724,-86.426
4,52.321,28.589,-25.829,-44.396,-26.524,13.442,-62.898,68.142,-46.696,-79.605,-32.627,-59.088,5.4311,18.645,-50.841,-58.195,-98.906,-67.153,64.314,-49.71,-65.163,33.488,-93.018,-43.752,-63.984,-43.237,-75.986,-1.8664,1.0354,-28.324,-54.719,22.639,-115.34,-47.96,-29.564,-47.179,-29.901,-31.281,3.7087,6.0324,-22.067,-52.129,-51.956,-51.945,-50.804,-37.986,-34.991,41.358,-67.322,-53.412,-37.902,-73.145,14.486,1.8712,-1.8533,-36.484,-0.75264,-54.64,-54.966,-42.596,-71.815,-85.487
5,54.369,29.796,-26.233,-44.438,-27.41,10.673,-61.338,71.18,-49.786,-80.04,-31.548,-57.875,4.7681,16.369,-50.258,-57.242,-97.117,-64.361,64.837,-49.176,-62.465,31.291,-88.402,-41.475,-62.333,-40.836,-72.626,-0.27625,3.2215,-27.964,-52.874,21.353,-113.74,-46.564,-28.491,-45.447,-28.963,-30.287,3.184,6.4387,-19.796,-52.289,-52.005,-51.986,-50.104,-40.025,-35.219,44.503,-66.315,-54.394,-39.89,-72.967,16.247,2.1979,-3.8136,-35.564,-2.0397,-55.135,-55.753,-46.743,-73.013,-86.68
6,36.494,28.639,-34.526,-51.69,-25.252,12.081,-63.971,71.288,-61.272,-87.773,-30.153,-59.937,7.1052,-3.8432,-49.98,-57.126,-99.27,-65.788,62.128,-48.897,-63.5,31.792,-94.521,-41.212,-62.564,-40.566,-74.105,-0.27716,3.2549,-28.588,-52.286,23.068,-113.25,-46.48,-30.821,-45.523,-31.26,-31.93,5.2399,8.7511,-21.853,-52.219,-52.023,-52.01,-50.716,-43.116,-39.214,28.763,-65.664,-53.674,-43.006,-73.213,22.957,2.577,-3.7045,-35.98,-1.8499,-56.446,-56.77,-50.386,-71.674,-81.566
7,52.401,31.833,-24.765,-43.89,-25.982,19.306,-64.815,79.697,-33.713,-58.582,-31.914,-60.309,9.6796,2.835,-50.509,-58.564,-78.731,-66.843,68.799,-49.278,-64.531,33.939,-94.129,-42.953,-63.29,-42.461,-74.128,-1.3098,1.9164,-29.675,-52.99,24.351,-107.05,-47.221,-32.437,-46.622,-32.786,-30.534,4.8607,7.773,-21.009,-51.569,-51.481,-51.475,-50.872,-42.338,-39.713,0.21619,-67.53,-52.201,-42.266,-77.396,20.603,2.0438,-3.0751,-36.892,-1.567,-56.318,-56.407,-48.464,-76.563,-86.941
8,50.65,20.601,-34.643,-47.383,-28.537,11.398,-61.842,62.381,-49.857,-80.761,-32.446,-57.898,4.8675,21.871,-50.696,-58.212,-98.549,-65.626,64.23,-49.536,-63.648,31.884,-86.178,-41.964,-63.357,-41.43,-74.208,-0.75469,2.3035,-27.472,-54.207,22.457,-114.38,-47.687,-29.79,-46.852,-30.154,-29.83,4.8466,7.3947,-20.501,-54.255,-54.065,-54.052,-52.792,-41.479,-38.132,42.891,-68.463,-55.666,-41.385,-78.624,15.674,-0.67698,-4.9997,-37.274,-3.7248,-58.799,-59.169,-49.609,-74.736,-85.524
9,53.958,27.456,-27.528,-44.617,-26.024,12.223,-61.248,64.141,-50.499,-81.963,-31.567,-57.748,5.3937,19.207,-50.144,-57.164,-98.577,-64.887,61.281,-49.06,-63.022,33.725,-86.105,-43.382,-62.567,-42.773,-73.471,-0.8483,2.5,-28.877,-53.359,23.297,-113.49,-48.015,-29.814,-46.987,-30.253,-29.619,2.5595,5.6445,-19.232,-51.925,-51.674,-51.658,-49.993,-39.816,-35.502,44.223,-66.295,-53.788,-39.695,-75.093,14.483,0.765,-4.7614,-35.648,-3.1307,-52.026,-52.548,-43.96,-71.104,-83.46
10,53.44,31.172,-30.724,-50.7,-29.036,12.295,-63.127,73.715,-47.727,-82.58,-32.103,-59.057,5.3467,17.222,-49.864,-57.646,-100.49,-64.746,69.923,-48.67,-62.722,35.873,-77.124,-41.514,-62.755,-41.011,-72.726,-1.4649,1.5768,-28.558,-53.112,22.297,-115.65,-46.424,-30.714,-45.652,-31.079,-30.957,4.2725,6.917,-21.459,-51.807,-51.635,-51.623,-50.481,-41.145,-37.788,35.351,-68.549,-53.08,-41.051,-107.67,16.998,1.7152,-2.9953,-37.367,-1.5986,-55.954,-56.286,-47.785,-75.169,-85.65
11,56.933,31.119,-34.707,-47.249,-25.848,12.376,-62.399,63.865,-50.268,-76.073,-30.487,-57.902,5.5294,14.673,-50.436,-59.214,-92.811,-64.528,58.526,-49.079,-62.047,29.319,-61.947,-41.739,-63.556,-41.191,-73.959,0.036602,3.2307,-27.561,-51.521,21.098,-114.58,-47.266,-29.617,-46.381,-30.014,-32.198,4.7718,7.8668,-19.894,-52.893,-52.686,-52.673,-51.307,-40.941,-37.136,44.37,-65.886,-54.432,-40.834,-73.242,17.4,2.0524,-3.4406,-36.711,-1.8112,-56.08,-56.485,-47.816,-73.025,-86.212
12,60.846,41.348,-26.044,-44.45,-26.997,12.905,-63.613,75.273,-53.963,-80.21,-32.446,-59.449,4.8864,14.543,-50.843,-58.896,-96.076,-66.218,65.927,-49.604,-63.944,32.401,-92.835,-43.149,-63.621,-42.547,-74.72,-1.2817,2.1729,-29.666,-52.663,20.688,-112.74,-47.725,-30.343,-46.714,-30.789,-30.21,2.8171,6.147,-19.798,-52.38,-52.132,-52.116,-50.483,-40.984,-36.554,36.942,-64.911,-54.219,-40.858,-73.223,15.713,1.2877,-4.8064,-35.154,-3.0019,-54.26,-54.772,-46.603,-70.551,-84.36
13,54.47,31.969,-31.6,-51.192,-27.966,10.741,-62.649,71.966,-48.708,-81.351,-31.469,-59.2,4.6584,17.942,-50.175,-56.976,-97.038,-64.904,65.481,-49.123,-63.063,32.164,-87.993,-42.169,-62.25,-41.585,-73.054,-1.3706,1.7523,-28.137,-53.256,20.835,-113.75,-47.37,-29.606,-46.37,-30.023,-30.164,2.9231,5.7695,-20.287,-52.166,-51.915,-51.899,-50.24,-39.849,-35.656,40.284,-67.051,-54.025,-39.731,-73.257,15.988,1.7733,-3.4051,-35.918,-1.8752,-53.173,-53.708,-44.515,-72.543,-85.376
14,57.573,27.039,-30.362,-48.482,-25.683,10.834,-60.204,63.819,-54.881,-88.95,-31.284,-56.464,3.3378,19.442,-49.737,-57.333,-100.98,-63.126,57.485,-48.563,-61.149,47.133,-85.969,-41.965,-62.701,-41.415,-71.972,-1.8784,1.5855,-29.519,-52.546,42.334,-110.93,-46.707,-30.636,-45.767,-31.062,-30.803,3.7771,7.2493,-18.61,-51.88,-51.647,-51.632,-50.09,-41.71,-37.503,48.094,-66.103,-53.604,-41.592,-73.09,18.72,1.0383,-5.2067,-35.11,-3.3652,-54.852,-55.343,-48.632,-72.6,-85.268
15,48.904,26.509,-32.4,-48.203,-24.451,15.366,-62.179,64.352,-55.354,-84.958,-30.218,-57.846,6.1187,18.282,-49.613,-57.618,-100.86,-64.549,58.596,-48.376,-62.516,25.056,-88.494,-42.144,-62.144,-41.853,-72.843,-2.6752,0.31056,-28.569,-52.814,13.317,-113.03,-47.231,-31.645,-46.918,-31.871,-31.672,3.5021,6.4119,-19.438,-51.746,-51.706,-51.703,-51.427,-38.487,-36.976,30.354,-67.091,-52.027,-38.446,-72.978,15.841,3.0599,-1.4843,-36.786,-0.16717,-55.239,-55.277,-41.65,-72.123,-85.536
16,56.455,27.573,-32.685,-49.259,-24.267,13.007,-63.324,70.261,-48.567,-81.443,-30.39,-59.007,5.2715,19.328,-50.737,-59.087,-97.28,-65.807,64.526,-49.452,-63.523,33.044,-87.653,-43.139,-63.97,-42.587,-74.65,-1.951,1.3349,-29.548,-53.081,22.972,-112.1,-47.856,-30.699,-46.937,-31.109,-31.679,2.9177,5.9687,-21.539,-51.587,-51.364,-51.349,-49.873,-39.998,-35.994,38.641,-65.614,-53.242,-39.885,-73.254,15.498,2.3718,-3.0588,-37.215,-1.4532,-51.702,-52.166,-43.619,-69.832,-81.755
17,57.169,20.224,-27.681,-42.365,-26.289,14.562,-61.173,88.778,-58.024,-81.155,-31.541,-56.971,6.4083,16.759,-50.214,-58.417,-96.041,-64.75,73.97,-48.947,-62.389,32.818,-130.27,-42.375,-64.3,-41.891,-74.272,-1.7602,1.3104,-28.453,-52.973,23.461,-118.48,-47.273,-30.374,-46.616,-30.69,-29.705,4.1225,6.7582,-18.265,-52.226,-52.104,-52.096,-51.292,-39.247,-36.754,3.6432,-67.106,-53.137,-39.176,-73.263,16.787,1.5669,-2.4354,-36.358,-1.2459,-56.07,-56.246,-44.251,-73.257,-86.151
18,61.921,32.124,-27.17,-47.819,-25.606,14.09,-64.451,68.476,-52.464,-81.928,-31.004,-60.32,5.8034,17.673,-50.97,-59.081,-97.876,-66.297,62.973,-49.722,-64.068,32.449,-93.51,-42.385,-63.515,-41.81,-74.077,-0.61339,2.5739,-28.544,-52.649,20.434,-112.95,-47.399,-30.101,-46.431,-30.522,-30.741,3.9604,7.0046,-20.006,-52.33,-52.091,-52.076,-50.503,-40.864,-36.658,41.898,-64.201,-54.103,-40.745,-75.864,16.663,2.0859,-3.4594,-35.183,-1.8124,-54.289,-54.784,-46.55,-69.025,-81.509
19,57.258,35.269,-26.506,-47.749,-24.678,11.408,-64.401,73.066,-48.548,-80.21,-29.554,-60.114,4.4022,17.332,-49.52,-57.826,-96.701,-65.946,67.392,-48.243,-63.627,32.274,-87.017,-40.54,-62.128,-39.929,-73.847,-1.6597,1.9167,-29.829,-50.957,22.025,-111.33,-45.924,-30.726,-44.87,-31.196,-31.048,3.9813,7.3916,-21.196,-51.79,-51.524,-51.507,-49.748,-42.496,-37.712,46.997,-63.436,-53.765,-42.361,-81.394,17.429,2.9898,-3.3608,-36.723,-1.4804,-54.929,-55.501,-49.372,-69.553,-83.454
20,57.158,34.386,-19.981,-38.561,-23.293,13.65,-59.524,60.598,-48.808,-80.424,-30.14,-56.49,4.6239,16.936,-49.744,-56.159,-97.698,-64.279,59.769,-48.744,-62.727,31.26,-92.753,-42.369,-62.176,-41.931,-72.639,-1.6447,1.6295,-28.986,-53.91,22.477,-112.91,-47.235,-30.757,-46.524,-31.126,-30.388,3.9254,7.2534,-19.301,-51.729,-51.562,-51.551,-50.441,-40.184,-36.678,50.117,-67.801,-52.953,-40.086,-73.356,17.973,2.8218,-3.2693,-36.349,-1.4744,-53.996,-54.335,-45.009,-73.606,-85.645
21,46.268,10.559,-31.041,-45.757,-25.363,13.833,-62.567,48.434,-47.649,-84.815,-30.861,-58.398,7.1619,21.554,-51.612,-59.573,-102.04,-64.621,51.343,-50.367,-62.543,29.495,-89.197,-41.978,-63.033,-41.385,-72.175,-1.6843,2.0623,-29.581,-53.3,22.57,-113.07,-46.736,-30.111,-45.825,-30.531,-31.221,2.0594,5.2209,-20.341,-51.808,-51.606,-51.593,-50.245,-39.797,-36.108,45.896,-65.453,-53.293,-39.694,-73.867,14.342,0.83339,-4.3643,-37.142,-2.8481,-55.29,-55.682,-45.008,-71.423,-84.834
22,55.26,31.53,-24.517,-43.276,-28.006,12.537,-62.233,67.06,-47.559,-76.367,-33.53,-58.582,4.9912,15.629,-50.01,-57.332,-94.796,-65.201,63.434,-48.867,-63.182,31.009,-83.16,-44.142,-62.593,-43.572,-72.91,-0.6523,2.7774,-29.439,-52.474,22.024,-115.23,-48.402,-30.623,-47.444,-31.06,-31.09,3.6255,7.0026,-19.423,-52.424,-52.191,-52.175,-50.624,-41.356,-37.038,47.941,-64.526,-54.153,-41.235,-73.091,18.781,2.2841,-4.0181,-36.184,-2.1553,-53.42,-53.913,-46.941,-69.5,-79.107
23,54.867,37.223,-22.891,-51.287,-28.13,15.779,-66.151,76.803,-44.915,-86.466,-32.732,-61.247,8.4595,22.451,-48.622,-57.089,-101.39,-66.134,69.834,-47.305,-63.647,31.425,-112.51,-42.635,-61.895,-41.84,-73.574,-2.0586,1.7949,-30.094,-51.349,22.734,-111.15,-47.226,-30.175,-45.905,-30.699,-31.521,4.3335,7.4899,-22.275,-52.376,-52.058,-52.038,-49.928,-42.049,-37,50.019,-67.319,-54.725,-41.908,-73.025,20.999,2.6274,-2.8515,-37.929,-1.2447,-54.359,-55.014,-48.182,-75.225,-86.899
24,58.827,39.836,-23.161,-47.353,-25.107,13.493,-66.956,70.498,-50.031,-86.051,-30.636,-61.02,4.7676,18.527,-50.101,-57.472,-106.68,-66.817,61.217,-49.012,-64.072,31.057,-76.701,-41.695,-61.86,-41.021,-74.605,-2.2701,1.44,-29.799,-52.886,23.368,-114.54,-46.421,-30.526,-45.336,-30.973,-29.907,4.3752,7.3954,-18.898,-51.543,-51.284,-51.267,-49.561,-41.357,-36.902,39.132,-66.675,-53.478,-41.233,-72.072,13.206,2.1022,-3.4165,-37.098,-1.7547,-54.214,-54.749,-47.636,-73.828,-84.737
25,38.512,23.009,-29.15,-45.77,-31.834,5.3554,-63.373,68.088,-43.566,-73.988,-33.754,-58.865,1.9768,22.169,-50.605,-59.363,-95.353,-64.963,65.085,-49.255,-62.602,31.644,-75.792,-42.055,-63.008,-41.538,-73.093,-1.6676,1.4118,-28.313,-51.862,22.965,-113.84,-46.638,-29.759,-45.839,-30.115,-30.266,4.3637,6.9838,-18.976,-51.23,-51.049,-51.037,-49.84,-39.199,-35.965,41.766,-65.954,-52.572,-39.108,-84.733,15.988,1.2584,-3.0675,-36.464,-1.7901,-53.522,-53.875,-44.278,-73.213,-86.762
26,57.662,36.842,-24.05,-44.316,-27.324,16.76,-65.677,47.941,-54.182,-77.905,-32.107,-61.491,7.6792,13.412,-50.851,-59.237,-96.207,-66.234,51.45,-49.559,-63.95,27.949,-81.398,-41.244,-62.996,-40.618,-71.36,-1.0081,2.7223,-29.649,-51.551,22.639,-113.27,-46.441,-30.745,-45.475,-31.201,-30.907,4.4492,7.7579,-19.099,-51.595,-51.38,-51.367,-49.945,-42.287,-38.221,42.492,-65.012,-53.182,-42.173,-73.307,20.437,2.6151,-3.3451,-36.192,-1.5833,-53.46,-53.864,-48.062,-74.916,-85.847
27,44.608,24.228,-31.133,-49.199,-25.683,12.838,-61.533,55.131,-50.656,-85.935,-31.502,-57.774,5.8618,17.937,-50.569,-57.892,-101.14,-64.913,57.683,-49.434,-63.016,30.31,-86.381,-43.07,-63.609,-42.505,-73.612,-1.451,1.9748,-29.306,-54.423,21.173,-113.6,-47.378,-29.991,-46.494,-30.4,-30.707,4.2168,7.3275,-20.151,-51.905,-51.707,-51.694,-50.383,-39.677,-35.982,42.733,-67.828,-53.362,-39.574,-73.572,18.009,2.5257,-2.8548,-36.168,-1.2718,-55.163,-55.539,-45.347,-73.504,-86.15
28,54.184,28.757,-27.991,-47.761,-29.476,12.758,-60.868,58.084,-55.089,-87.655,-33.286,-57.133,5.8256,9.5006,-49.141,-55.974,-101.36,-63.96,55.923,-48.091,-62.124,30.934,-83.85,-42.722,-62.473,-42.135,-73.251,-1.0577,2.2014,-29.041,-53.887,22.195,-111.8,-47.204,-30.365,-46.257,-30.789,-30.751,3.5574,6.3504,-21.504,-51.588,-51.369,-51.354,-49.892,-40.7,-36.694,44.17,-69.195,-53.208,-40.588,-72.835,17.386,2.1432,-2.9532,-34.22,-1.4398,-52.917,-53.356,-45.402,-73.066,-85.129
29,50.709,30.248,-32.168,-47.474,-24.252,14.691,-62.53,89.483,-47.692,-83.122,-30.616,-58.583,6.8665,22.199,-51.615,-58.829,-97.08,-65.746,72.77,-50.486,-63.819,34.934,-81.054,-42.702,-63.371,-42.136,-73.445,-2.3355,1.0384,-29.482,-54.862,23.342,-110.52,-47.683,-30.905,-46.833,-31.284,-29.583,3.7986,6.3123,-21.416,-53.095,-52.915,-52.904,-51.704,-40.807,-37.626,11.761,-67.293,-54.41,-40.72,-72.783,15.707,-0.27096,-4.1649,-37.18,-3.0351,-57.678,-58.002,-47.263,-73.172,-84.645
30,54.753,32.847,-32.705,-49.015,-28.045,12.154,-61.704,73.064,-49.398,-81.377,-32.778,-57.889,5.055,21.705,-50.379,-57.81,-97.935,-65.078,65.671,-49.233,-63.082,31.988,-88.892,-42.988,-63.465,-42.418,-74.114,-2.0669,1.0705,-29.019,-54.045,21.745,-114.49,-47.24,-30.001,-46.328,-30.387,-30.479,3.459,6.0334,-20.943,-51.838,-51.625,-51.611,-50.202,-39.658,-36.048,42.118,-68.513,-53.416,-39.556,-73.108,15.281,0.39902,-3.9679,-37.416,-2.6793,-54.75,-55.176,-45.488,-74.672,-86.855
31,52.549,33.943,-32.138,-55.509,-31.092,12.431,-65.771,64.935,-45.818,-82.8,-32.793,-61.271,6.3789,20.237,-49.212,-57.87,-101.45,-65.454,60.918,-47.885,-63.071,31.355,-84.324,-41.166,-63.094,-40.535,-73.005,-1.1268,2.263,-29.125,-51.788,22.653,-120.18,-46.056,-30.353,-45.054,-30.795,-31.126,4.671,7.6626,-20.382,-51.712,-51.483,-51.468,-49.953,-41.896,-37.728,41.72,-68.397,-53.416,-41.778,-73.599,18.828,2.1481,-3.2082,-37.58,-1.617,-55.778,-56.217,-49.18,-76.002,-86.143
32,54.595,25.242,-33.306,-47.334,-26.698,11.576,-60.669,64.935,-52.304,-81.026,-33.306,-57.388,3.0049,18.67,-50.619,-57.099,-95.892,-65.894,65.106,-49.612,-64.15,32.814,-83.624,-43.155,-63.36,-42.593,-74.608,-2.3789,0.73051,-28.975,-54.897,22.822,-113.84,-47.131,-29.169,-46.173,-29.573,-29.957,4.5199,7.2968,-20.632,-52.401,-52.163,-52.148,-50.571,-39.356,-35.353,45.222,-67.167,-54.16,-39.244,-73.034,16.775,1.9309,-3.0706,-35.961,-1.5993,-56.49,-56.995,-46.671,-73.132,-85.833
33,53.387,30.504,-29.528,-50.079,-23.505,13.951,-60.958,63.939,-49.884,-86.164,-29.336,-57.7,5.9276,17.888,-49.602,-56.125,-99.706,-63.73,58.716,-48.588,-62.107,32.23,-82.068,-42.183,-62.098,-41.675,-71.705,-1.8989,1.5206,-29.37,-53.866,22.512,-112.02,-47.384,-31.142,-46.556,-31.543,-31.109,3.8587,7.2159,-20.223,-51.82,-51.625,-51.613,-50.316,-41.085,-37.289,35.311,-68.732,-53.256,-40.979,-72.923,19.204,2.6959,-3.3209,-37.363,-1.551,-53.207,-53.602,-45.791,-74.333,-84.046
34,51.34,27.039,-33.191,-46.929,-25.782,14.103,-61.113,61.181,-55.112,-83.576,-32.191,-57.175,5.8862,16.252,-50.006,-57.824,-99.577,-65.273,61.484,-48.803,-63.178,33.235,-80.422,-42.889,-64.319,-42.297,-74.614,-1.1178,2.3641,-29.813,-53.893,22.752,-119.1,-47.046,-30.451,-46.078,-30.891,-30.07,4.0423,7.3403,-18.873,-52.058,-51.83,-51.815,-50.306,-41.309,-37.096,32.1,-67.746,-53.748,-41.19,-73.395,17.915,1.9502,-4.0704,-36.277,-2.2902,-55.841,-56.294,-48.261,-73.514,-84.161
35,54.116,31.008,-21.855,-41.872,-25.116,12.375,-61.251,64.729,-46.659,-78.065,-30.115,-57.768,5.3625,14.525,-50.084,-57.011,-97.15,-64.893,59.271,-49.017,-63.009,32.929,-79.574,-41.434,-62.754,-40.856,-73.137,-0.8151,2.4166,-28.462,-53.49,22.688,-114.46,-46.929,-30.367,-45.967,-30.788,-30.58,3.5125,6.4508,-21.077,-52.709,-52.478,-52.463,-50.939,-41.771,-37.672,40.374,-66.384,-54.418,-41.656,-72.931,15.465,1.5204,-3.8015,-35.201,-2.2292,-56.032,-56.497,-48.44,-71.712,-83.471
36,60.261,32.272,-31.857,-49.525,-22.219,15.582,-62.365,82.26,-54.162,-84.978,-28.051,-58.514,7.7108,17.728,-50.75,-58.384,-100.22,-64.965,70.371,-49.575,-62.899,33.376,-85.554,-41.633,-63.642,-41.015,-73.665,-1.4428,1.9597,-29.436,-53.536,22.894,-113.47,-46.861,-30.888,-45.814,-31.337,-29.634,3.3705,6.3997,-19.656,-50.811,-50.552,-50.535,-48.824,-41.055,-36.586,30.739,-66.156,-52.731,-40.929,-73.572,17.34,2.9337,-2.5431,-33.67,-0.92342,-50.226,-50.769,-44.616,-70.175,-82.077
37,54.272,28.656,-32.714,-50.382,-30.91,8.9893,-63.242,69.752,-48.664,-80.034,-34.15,-58.884,3.4683,18.946,-50.961,-59.46,-96.993,-64.118,65.822,-49.655,-61.801,33.288,-78.724,-43.14,-63.307,-42.47,-72.033,-1.7119,1.8616,-30.332,-52.196,22.93,-112.65,-47.822,-30.681,-46.687,-31.157,-31.912,3.5309,6.6953,-21.288,-53.035,-52.756,-52.738,-50.895,-42.064,-37.36,45.96,-65.569,-55.107,-41.931,-73.922,17.395,1.6177,-4.0078,-37.514,-2.3421,-55.364,-55.942,-48.337,-72.282,-84.247
38,55.257,34.539,-21.952,-42.357,-27.33,12.1,-62.91,72.554,-43.157,-79.06,-32.283,-59.392,4.6383,19.066,-51.683,-58.606,-98.495,-65.918,65.425,-50.607,-64.099,32.608,-80.481,-41.941,-63.277,-41.397,-73.001,-1.1848,2.1108,-28.381,-54.426,22.761,-113.66,-46.431,-29.381,-45.551,-29.778,-30.344,3.6812,6.6552,-20.205,-51.489,-51.283,-51.27,-49.9,-39.442,-35.732,42.437,-65.868,-53.009,-39.339,-74.311,16.13,0.90531,-4.287,-36.749,-2.7623,-54.926,-55.342,-45.539,-71.008,-82.315
39,46.64,21.84,-29.521,-51.028,-27.823,12.115,-64,53.858,-44.819,-82.54,-32.448,-59.638,6.499,20.979,-49.46,-57.555,-100.46,-65.836,56.786,-48.216,-63.556,33.746,-77.903,-43.272,-62.963,-42.591,-74.422,-2.2953,1.2456,-29.962,-52.844,22.946,-113.06,-47.745,-31.09,-46.683,-31.531,-31.729,3.2448,6.2062,-22.182,-51.768,-51.536,-51.52,-49.979,-41.263,-37.332,47.178,-68.233,-53.492,-41.152,-80.735,19.963,1.8892,-2.8981,-37.836,-1.4897,-52.689,-53.112,-45.381,-74.131,-85.464
40,51.891,27.933,-25.06,-43.156,-26.782,12.902,-61.433,66.376,-46.538,-79.098,-32.294,-57.477,6.0809,19.142,-50.609,-58.388,-98.487,-64.699,64.961,-49.414,-62.564,35.154,-90.248,-42.932,-63.763,-42.319,-73.318,-1.2879,2.1045,-29.032,-53.667,23.338,-113.83,-47.38,-29.698,-46.446,-30.105,-31.705,3.3189,6.0951,-21.536,-51.676,-51.474,-51.461,-50.126,-39.017,-35.462,45.384,-67.052,-53.17,-38.917,-73.632,16.035,1.9846,-2.4641,-37.152,-1.1535,-53.422,-53.789,-43.197,-72.618,-85.188
41,61.531,36.422,-28.702,-46.256,-25.689,13.267,-62.371,70.191,-54.371,-87.356,-31.371,-58.449,5.5852,21.541,-50.643,-58.383,-102.26,-64.649,62.505,-49.445,-62.58,33.634,-93.27,-43.216,-62.636,-42.644,-73.004,-0.41759,2.8189,-28.391,-52.524,22.964,-113.62,-47.867,-30.175,-46.918,-30.589,-30.629,3.6234,6.6564,-19.331,-51.557,-51.33,-51.315,-49.812,-40.855,-36.82,33.549,-66.592,-53.244,-40.741,-73.025,15.439,0.67914,-4.7612,-36.612,-3.1553,-51.373,-51.831,-46.02,-73.528,-84.964
42,50.522,33.013,-22.707,-43.806,-27.368,11.595,-63.753,70.544,-45.145,-80.716,-32.328,-60.217,4.6721,15.055,-52.055,-59.118,-99.792,-66.763,64.626,-50.961,-64.897,29.584,-91.341,-42.802,-64.315,-42.206,-74.234,-0.93843,2.3886,-28.987,-55.04,21.531,-115.75,-47.968,-30.261,-46.974,-30.703,-30.26,4.1698,7.2243,-19.998,-53.715,-53.475,-53.459,-51.864,-41.781,-37.453,47.876,-67.994,-55.486,-41.66,-73.034,17.693,2.1225,-3.5572,-36.738,-1.8777,-57.172,-57.671,-48.75,-74.161,-85.173
43,47.067,14.659,-35.551,-45.941,-25.886,14.987,-61.552,61.949,-59.574,-84.527,-32.367,-58.09,3.9972,14.99,-50.347,-56.948,-99.672,-66.135,59.561,-49.331,-64.539,31.805,-81.44,-41.918,-62.791,-41.569,-73.419,-3.159,-0.7329,-28.483,-55.229,23.263,-113.2,-46.366,-31.611,-45.851,-31.867,-30.457,4.8651,6.8414,-22.692,-51.391,-51.279,-51.272,-50.53,-41.022,-38.752,48.302,-69.312,-52.218,-40.958,-73.144,14.378,0.36465,-2.9755,-36.497,-1.9874,-55.541,-55.751,-48.028,-76.351,-85.86
44,63.084,38.068,-31.903,-47.915,-26.374,14.373,-61.173,78.077,-52.521,-83.133,-32.842,-57.588,4.6994,20.56,-50.709,-57.746,-98.155,-64.685,71.063,-49.618,-62.818,34.035,-89.492,-42.879,-62.709,-42.3,-72.452,-2.5429,0.68315,-29.35,-53.666,22.767,-112.92,-47.194,-29.659,-46.211,-30.074,-29.935,3.0429,5.9294,-19.96,-53.276,-53.03,-53.014,-51.387,-40.378,-36.247,45.812,-65.528,-55.093,-40.262,-78.758,15.486,0.56817,-4.6257,-35.47,-3.0949,-58.985,-59.515,-48.683,-72.759,-86.329
45,61.885,41.323,-25.222,-49.715,-27.381,13.406,-63.372,68.62,-44.746,-83.156,-32.252,-59.487,5.5228,17.682,-50.393,-57.772,-99.223,-65.817,60.533,-49.26,-63.752,31.533,-129.85,-41.445,-63.31,-40.803,-73.956,-1.4448,1.7983,-28.193,-53.632,24.414,-115.92,-46.334,-29.218,-45.29,-29.643,-31.38,3.7552,6.3924,-21.793,-52.474,-52.228,-52.212,-50.589,-40.601,-36.548,43.786,-66.834,-54.3,-40.486,-72.969,17.386,1.6457,-2.9572,-37.069,-1.5948,-56.709,-57.202,-47.757,-73.296,-85.028
46,57.543,27.355,-27.753,-44.995,-25.198,13.201,-60.441,54.961,-49.699,-81.187,-30.981,-57.04,5.7055,19.212,-50.378,-57.323,-97.423,-63.902,55.491,-49.298,-62.068,33.334,-85.415,-43.854,-62.812,-43.242,-72.5,-1.7934,1.632,-30.008,-53.569,21.931,-112.94,-48.982,-31.145,-47.927,-31.598,-29.471,2.8986,6.0412,-18.831,-53.298,-53.032,-53.015,-51.253,-41.525,-36.974,43.254,-66.645,-55.264,-41.397,-72.924,16.966,1.9626,-3.792,-34.88,-2.0925,-53.523,-54.098,-45.924,-71.723,-83.721
47,56.692,32.62,-27.737,-45.042,-24.9,12.557,-61.468,67.979,-58.569,-88.187,-30.759,-57.944,4.643,14.494,-50.639,-57.537,-102.52,-64.557,62.198,-49.579,-62.687,35.997,-91.459,-42.58,-62.612,-42.032,-72.716,-0.86678,2.015,-27.785,-53.59,23.843,-113.66,-47.522,-29.569,-46.588,-29.959,-31.103,4.7056,7.3674,-21.915,-52.237,-52.003,-51.988,-50.445,-39.8,-35.869,36.968,-66.672,-53.974,-39.689,-73.015,16.173,1.5647,-3.2763,-37.352,-1.8434,-53.952,-54.449,-45.375,-72.532,-84.227
48,58.454,32.42,-30.844,-46.428,-25.375,12.319,-62.278,68.216,-58.998,-89.162,-30.995,-58.62,4.6015,18.271,-51.555,-58.527,-101.86,-64.833,62.651,-50.458,-62.957,31.903,-85.521,-43.242,-62.651,-42.738,-73.081,-1.8563,1.2238,-28.434,-53.838,23.094,-111.56,-48.428,-30.606,-47.609,-30.965,-30.513,4.8047,7.3135,-21.119,-52.555,-52.364,-52.351,-51.079,-40.204,-36.88,39.987,-68.101,-53.965,-40.111,-72.983,16.931,1.5069,-2.7385,-36.8,-1.4984,-52.908,-53.291,-44.598,-74.759,-86.812
49,59.102,30.865,-30.778,-51.064,-33.518,7.6973,-65.103,70.177,-50.122,-84.934,-35.858,-61.391,1.4411,22.469,-51.586,-58.959,-101.83,-66.39,64.712,-50.437,-64.507,32.887,-82.173,-42.619,-62.745,-42.125,-73.205,-1.4655,1.8526,-29.584,-53.434,23.461,-114.58,-46.701,-30.771,-45.913,-31.145,-31.045,4.7994,7.7941,-20.28,-51.818,-51.636,-51.624,-50.417,-41.135,-37.666,40.87,-67.071,-53.16,-41.038,-76.437,15.736,1.8588,-3.3378,-37.203,-1.8124,-55.927,-56.288,-48.224,-74.464,-86.376
50,52.56,20.354,-31.304,-48.796,-23.867,14.063,-61.213,57.323,-51.602,-85.197,-29.524,-57.318,6.8688,20.241,-49.886,-57.423,-100.11,-64.52,55.982,-48.728,-62.486,30.741,-81.567,-42.809,-63.618,-42.15,-74.126,-1.6825,1.5933,-29.5,-53.872,22.314,-114.16,-47.795,-30.723,-46.662,-31.186,-30.412,2.1375,5.1701,-20.266,-51.906,-51.622,-51.604,-49.725,-41.381,-36.695,38.132,-68.824,-54.015,-41.249,-73.031,15.326,0.22723,-5.3333,-37.009,-3.687,-51.953,-52.559,-46.054,-74.196,-85.731
51,51.039,28.531,-27.238,-42.68,-24.695,14.37,-61.74,58.831,-48.356,-75.824,-31.044,-58.174,6.8382,13.73,-51.297,-58.327,-94.23,-65.686,57.332,-50.211,-63.792,31.288,-78.26,-43.257,-63.709,-42.724,-74.102,-1.1092,2.0925,-28.763,-54.584,22.614,-114.9,-47.915,-30.47,-47.128,-30.834,-30.041,3.9193,6.6385,-20.071,-52.161,-51.996,-51.985,-50.892,-39.665,-36.547,42.398,-67.823,-53.38,-39.577,-72.915,15.932,1.0701,-3.3469,-36.653,-2.0436,-54.554,-54.847,-44.305,-73.55,-85.605
52,56.88,31.868,-31.559,-46.766,-25.039,11.319,-59.83,75.906,-56.994,-89.787,-31.126,-56.281,4.2209,24.509,-50.141,-57.48,-100.69,-64.265,68.679,-49,-62.376,31.355,-96.868,-42.371,-63.019,-41.753,-73.375,-1.2938,2.5004,-29.659,-53.375,22.329,-111.94,-47.083,-30.127,-46.011,-30.599,-31.044,4.9065,8.9161,-17.903,-51.981,-51.711,-51.693,-49.901,-41.463,-36.724,51.773,-66.461,-53.983,-41.33,-73.3,23.409,3.6397,-3.644,-36.186,-1.5017,-53.837,-54.42,-47.866,-72.216,-84.225
53,50.247,25.439,-34.227,-46.962,-24.052,13.936,-58.953,68.256,-53.465,-81.885,-31.126,-55.501,5.7277,20.026,-48.198,-55.102,-96.727,-63.621,67.598,-47.13,-61.773,33.796,-91.699,-43.438,-61.392,-42.894,-72.747,-1.5542,1.5011,-28.32,-52.385,22.268,-113.99,-48.192,-29.423,-47.261,-29.815,-31.065,2.9122,5.6599,-21.105,-53.451,-53.216,-53.201,-51.644,-39.374,-35.43,44.291,-65.227,-55.192,-39.263,-74.062,14.315,1.6409,-3.3183,-36.812,-1.8557,-56.822,-57.333,-45.732,-70.367,-83.696
54,55.942,28.713,-32.394,-47.617,-27.732,14.51,-62.087,65.079,-55.134,-82.154,-35.262,-58.227,4.4575,15.491,-49.959,-57.515,-97.276,-66.567,63.035,-48.801,-64.517,32.256,-78.597,-45.166,-63.81,-44.598,-74.768,-1.8358,1.2415,-30.507,-53.818,23.463,-115.82,-48.204,-31.289,-47.293,-31.692,-29.683,4.1895,6.8931,-19.744,-51.683,-51.474,-51.46,-50.075,-41.236,-37.427,47.888,-63.321,-53.238,-41.129,-73.203,15.334,1.1621,-3.6822,-32.707,-2.2449,-53.637,-54.041,-47.208,-65.621,-74.441
55,48.711,36.471,-29.263,-50.803,-25.252,15.349,-63.904,64.431,-52.309,-85.679,-31.053,-59.817,7.0658,19.101,-48.679,-57.106,-101.97,-65.525,57.057,-47.402,-63.535,32.917,-93.196,-42.942,-61.948,-42.552,-72.868,-1.2341,2.4636,-30.344,-51.479,23.085,-113.42,-47.895,-32.731,-47.465,-33.072,-31.793,3.2469,7.6313,-16.082,-52.359,-52.314,-52.311,-52.015,-41.931,-39.351,45.697,-66.184,-52.7,-41.857,-72.938,22.236,3.0649,-4.2629,-36.589,-2.0758,-56.315,-56.279,-46.145,-72.18,-84.204
56,54.778,31.877,-25.526,-44.53,-26.122,13.575,-62.222,61.876,-41.18,-75.687,-31.328,-58.406,6.0717,14.719,-50.356,-57.927,-94.864,-64.623,59.849,-49.188,-62.6,30.58,-78.041,-42.072,-62.853,-41.484,-72.421,-0.36491,3.0692,-28.826,-52.825,22.483,-114.97,-47.114,-30.124,-46.144,-30.567,-29.807,4.2013,7.3658,-19.428,-52.677,-52.445,-52.43,-50.894,-41.635,-37.327,47.463,-66.797,-54.392,-41.514,-73.311,17.318,2.2744,-3.5895,-36.401,-1.8534,-56.256,-56.729,-48.664,-74.042,-85.033
57,50.124,13.449,-32.678,-49.909,-32.955,10.832,-62.369,53.705,-50.577,-79.906,-35.87,-58.226,4.0537,17.183,-49.328,-57.363,-97.526,-64.632,56.42,-48.093,-62.508,33.291,-81.984,-42.162,-63.112,-41.641,-73.068,-1.1373,2.0067,-29.056,-52.888,21.249,-119.29,-46.121,-30.649,-45.345,-31.02,-30.891,3.8733,6.5341,-20.592,-51.836,-51.67,-51.66,-50.562,-41.745,-38.443,36.568,-69.106,-53.063,-41.653,-72.778,14.955,0.14438,-4.5297,-37.607,-3.1438,-57.555,-57.856,-50.024,-76.427,-86.192
58,56.528,33.701,-24.763,-41.652,-26.065,11.754,-60.985,68.474,-47.54,-78.775,-31.398,-57.648,5.0563,18.854,-50.89,-57.604,-96.46,-64.961,62.774,-49.844,-63.174,29.315,-82.683,-42.679,-62.885,-42.087,-73.379,-0.89565,2.6513,-28.855,-54.043,17.841,-112.01,-47.681,-29.782,-46.684,-30.222,-30.899,3.2406,6.5737,-20.243,-52.663,-52.42,-52.404,-50.787,-40.388,-36.108,36.197,-67.016,-54.459,-40.268,-73.329,16.91,1.4567,-4.4959,-36.741,-2.7489,-54.695,-55.208,-45.934,-72.722,-85.81
59,53.757,34.852,-28.62,-48.693,-26.265,12.555,-63.786,70.903,-54.951,-85.791,-31.192,-60.06,5.3989,11.574,-49.812,-57.027,-100.15,-65.641,65.327,-48.701,-63.633,32.754,-83.847,-41.922,-61.727,-41.276,-73.135,-1.7989,1.5548,-29.307,-52.068,23.083,-112.26,-46.913,-30.63,-45.801,-31.094,-31.479,4.1331,7.1715,-21.909,-52.212,-51.933,-51.915,-50.072,-42.597,-37.885,43.67,-65.793,-54.28,-42.464,-73.275,19.955,2.2233,-3.4436,-37.307,-1.7667,-54.462,-55.056,-49.567,-72.931,-84.516
60,55.352,37.095,-25.768,-42.575,-27.429,11.934,-59.411,79.275,-50.162,-80.063,-32.203,-56.087,4.6174,12.539,-49.862,-56.692,-96.871,-62.538,71.943,-48.806,-60.824,34.824,-81.478,-42.3,-61.896,-41.77,-70.44,-0.9287,2.5971,-29.602,-53.036,23.539,-114.02,-47.174,-30.736,-46.315,-31.164,-30.15,4.1342,7.4154,-20.592,-52.59,-52.389,-52.377,-51.046,-41.67,-37.588,46.4,-67.784,-54.067,-41.556,-73.159,17.249,2.2856,-3.8265,-37.245,-2.0187,-56.42,-56.819,-48.229,-75.377,-86.275
61,46.901,29.274,-33.358,-47.694,-26.875,11.653,-59.321,80.803,-50.529,-81.468,-31.122,-55.832,5.7738,17.548,-49.928,-56.751,-97.69,-63.475,72.243,-48.871,-61.758,31.866,-81.961,-42.469,-62.7,-41.962,-72.358,-1.8201,1.3736,-29.157,-54.416,22.592,-112.2,-47.136,-31.023,-46.35,-31.391,-30.655,4.1245,6.8522,-21.63,-51.695,-51.517,-51.505,-50.323,-40.877,-37.517,47.565,-69.536,-53.009,-40.783,-73.13,16.954,1.3445,-3.3815,-37.537,-1.9875,-54.364,-54.714,-46.679,-76.183,-86.187
62,53.429,24.666,-32.969,-48.779,-25.014,13.394,-61.046,58.762,-63.149,-94.003,-31.406,-57.284,5.8855,22.317,-50.01,-57.518,-104.95,-64.197,57.336,-48.848,-62.2,32.962,-88.697,-43.731,-63.157,-43.048,-73.18,-1.4199,2.1069,-30.1,-53.304,22.855,-113.47,-48.026,-30.119,-46.834,-30.615,-29.241,2.6879,6.0511,-18.047,-51.752,-51.449,-51.43,-49.425,-40.49,-35.419,38.296,-67.416,-53.995,-40.347,-72.94,16.803,2.2851,-3.9663,-36.115,-2.1179,-51.476,-52.133,-44.809,-73.042,-84.558
63,55.601,32.094,-21.425,-40.664,-27.602,14.136,-62.847,71.228,-50.169,-78.727,-33.61,-58.9,6.0944,13.462,-50.453,-58.153,-97.314,-66.727,68.914,-49.273,-64.518,32.262,-112.57,-43.63,-63.419,-43.017,-75.053,-0.57515,2.8527,-28.929,-52.983,22.003,-113.9,-48.078,-30.084,-47.157,-30.495,-30.502,4.5108,7.3129,-20.711,-52.103,-51.909,-51.897,-50.608,-40.509,-36.958,42.772,-64.754,-53.54,-40.409,-73.054,17.188,1.7961,-2.8402,-32.026,-1.4755,-53.028,-53.37,-45.586,-70.993,-86.161
64,56.636,41.159,-9.8689,-36.922,-33.253,16.262,-65.243,62.167,-36.393,-73.667,-36.64,-60.599,7.4014,7.0453,-51.523,-60.352,-100.04,-66.605,57.158,-50.183,-64.344,31.278,-60.408,-42.595,-64.148,-42.032,-73.236,1.336,5.1927,-29.458,-53.273,22.383,-116.32,-46.567,-29.931,-45.82,-30.385,-30.96,4.5382,7.8498,-21.547,-51.316,-51.189,-51.181,-50.318,-41.559,-38.018,38.839,-67.397,-52.229,-41.463,-72.95,16.307,2.6114,-3.5235,-36.542,-1.7011,-55.261,-55.426,-48.576,-75.23,-84.656
65,51.28,27.48,-32.353,-47.711,-23.65,14.579,-61.571,69.256,-53.203,-83.858,-30.67,-57.535,6.5707,18.933,-49.853,-57.51,-99.101,-65.082,65.535,-48.677,-63.007,32.318,-92.817,-44.888,-63.174,-44.321,-74.416,-2.2425,0.74375,-29.801,-53.581,20.292,-113.25,-49.275,-31.639,-48.349,-32.026,-30.47,3.4662,5.9969,-21.459,-51.93,-51.709,-51.695,-50.237,-40.531,-36.814,36.68,-68.485,-53.569,-40.426,-73.188,15.88,1.3013,-3.1242,-37.28,-1.8151,-50.484,-50.932,-43.52,-74.566,-85.894
66,52.769,26.16,-29.186,-44.728,-24.863,12.343,-60.951,64.412,-51.474,-81.849,-31.207,-57.45,4.7928,18.497,-50.514,-57.653,-98.962,-64.853,61.722,-49.413,-62.974,32.784,-88.297,-43.765,-63.09,-43.241,-73.612,-2.1967,0.98883,-29.339,-53.712,22.457,-115.91,-48.399,-30.506,-47.566,-30.883,-30.268,3.1587,6.093,-19.428,-52.323,-52.131,-52.119,-50.851,-39.172,-35.658,43.674,-66.024,-53.744,-39.073,-73.79,16.054,2.6843,-2.3266,-35.201,-0.84587,-53.582,-53.958,-42.782,-70.186,-83.335
67,60.402,33.515,-25.439,-46.413,-25.914,12.106,-64.983,69.965,-70.037,-87.937,-31.328,-59.836,3.7929,24.504,-49.054,-58.999,-99.31,-66.215,65.428,-47.523,-63.451,33.256,-102.18,-42.556,-63.15,-42.088,-74.965,-0.47404,2.6238,-28.659,-49.778,23.119,-111.73,-47.736,-30.845,-46.992,-31.213,-32.327,3.9201,7.4402,-19.89,-53.05,-52.877,-52.866,-51.739,-41.456,-37.876,46.427,-62.709,-54.345,-41.353,-73.082,15.794,2.3616,-3.9946,-36.613,-2.103,-56.619,-56.942,-47.931,-68.861,-83.334
68,38.075,-3.0187,-35.896,-46.663,-24.853,14.298,-61.007,23.204,-50.554,-81.799,-31.058,-57.031,7.1887,17.95,-49.807,-57.323,-100.14,-65.267,46.043,-48.649,-63.321,31.032,-76.986,-42.097,-63.107,-41.615,-73.706,-0.83442,2.1072,-27.743,-54.151,22.469,-115.72,-46.878,-30.372,-46.185,-30.701,-29.8,5.1212,7.4901,-20.86,-52.352,-52.211,-52.201,-51.26,-41.032,-38.215,57.564,-68.575,-53.4,-40.953,-73.229,16.28,0.46015,-3.5364,-36.746,-2.3561,-57.163,-57.405,-48.82,-74.882,-83.914
69,52.699,27.147,-29.021,-45.182,-27.585,10.304,-60.738,68.093,-46.464,-79.41,-31.327,-56.902,4.5539,22.148,-51.003,-58.498,-97.938,-64.456,65.589,-49.846,-62.513,31.42,-77.283,-42.955,-63.893,-42.442,-73.286,-1.808,1.3093,-28.812,-54.644,20.304,-111.69,-48.103,-31.045,-47.322,-31.401,-31.506,4.1042,6.7558,-21.449,-52.032,-51.861,-51.85,-50.717,-40.32,-37.168,44.517,-66.951,-53.299,-40.232,-73.15,16.651,1.4181,-2.9609,-36.989,-1.6693,-52.64,-52.959,-44.126,-69.762,-79.158
70,49.662,21.419,-27.398,-43.169,-25.157,12.308,-60.281,60.092,-48.179,-80.39,-30.637,-56.634,5.9898,18.277,-49.772,-56.838,-98.009,-64.174,62.191,-48.681,-62.272,33.348,-87.735,-42.349,-62.364,-41.76,-73.107,-0.63266,2.5857,-27.877,-53.4,23.341,-113.3,-47.059,-29.025,-46.107,-29.428,-30.916,3.7751,6.4899,-21.813,-51.361,-51.14,-51.125,-49.66,-38.671,-34.907,49.578,-67.382,-53,-38.566,-75.332,15.477,1.5913,-2.9892,-37.251,-1.64,-52.847,-53.282,-43.283,-73.071,-85.532
71,61.517,41.163,-25.964,-47.325,-26.125,11.505,-63.403,90.988,-45.844,-85.172,-30.094,-59.216,4.9146,17.372,-50.977,-58.489,-101.3,-65.795,80.335,-49.811,-63.678,31.658,-103.4,-41.571,-61.954,-41.004,-73.667,-0.28147,3.3513,-27.06,-52.525,22.617,-114.11,-47.954,-29.792,-46.979,-30.225,-32.051,4.7795,8.5962,-20.464,-51.84,-51.589,-51.573,-49.904,-41.595,-37.16,48.412,-66.481,-53.689,-41.472,-70.464,22.364,3.2862,-3.8859,-36.443,-1.7871,-48.105,-48.677,-45.145,-73.943,-86.106
72,52.325,23.738,-35.593,-48.236,-23.214,9.9401,-62.045,34.361,-53.874,-88.329,-28.626,-58.866,2.4545,27.751,-50.319,-57.304,-104.66,-65.934,52.349,-49.227,-64.532,30.203,-75.13,-41.921,-61.557,-41.763,-73.973,-1.936,0.53282,-26.524,-53.766,21.825,-113.42,-47.74,-31.753,-47.599,-31.908,-30.136,4.4098,7.2432,-16.594,-52.406,-52.401,-52.401,-52.368,-39.753,-38.8,65.15,-68.763,-52.439,-39.727,-84.478,15.691,1.1853,-3.1676,-35.219,-1.8903,-55.916,-55.868,-44.796,-74.489,-86.45
73,52.379,25.38,-24.437,-41.808,-25.448,13.186,-61.73,46.648,-47.928,-77.952,-30.697,-57.888,6.0804,13.951,-49.915,-57.517,-97.737,-65.874,47.259,-48.748,-63.833,31.521,-87.227,-42.151,-63.411,-41.596,-75.176,-0.16042,3.1214,-28.321,-53.37,22.887,-117.2,-47.201,-30.164,-46.299,-30.573,-30.083,4.4001,7.4417,-19.758,-52.061,-51.849,-51.835,-50.433,-40.94,-37.039,38.649,-67.363,-53.629,-40.831,-73.011,16.91,2.0399,-3.4296,-34.728,-1.8126,-54.234,-54.655,-46.747,-72.771,-85.566
74,66.787,37.319,-30.781,-51.584,-26.576,11.991,-66.531,71.576,-42.103,-77.401,-31.657,-62.141,4.1081,21.849,-51.619,-60.069,-96.491,-66.629,62.426,-50.307,-64.329,34.65,-107.45,-41.972,-62.471,-41.383,-73.191,-1.535,2.1564,-30.378,-51.532,22.994,-114.74,-46.793,-30.71,-45.782,-31.165,-31.624,4.3928,7.7246,-21.007,-52.245,-51.991,-51.974,-50.289,-41.477,-36.949,27.996,-62.08,-54.127,-41.35,-89.094,16.27,2.4977,-3.4146,-36.779,-1.6759,-55.59,-56.14,-47.777,-68.537,-84.767
75,49.273,29.07,-27.063,-44.5,-23.809,17.051,-64.212,53.826,-51.91,-84.649,-30.914,-59.741,9.5832,16.762,-51.455,-60.154,-101.67,-66.174,53.551,-50.115,-63.86,30.035,-76.65,-43.563,-64.079,-42.898,-73.668,1.8124,5.3523,-28.396,-52.962,21.954,-113.61,-48.205,-29.446,-47.179,-29.916,-29.727,4.3368,7.6139,-17.81,-52.977,-52.756,-52.742,-51.271,-40.655,-36.415,45.518,-65.557,-54.606,-40.537,-72.879,16.465,1.708,-4.1501,-35.788,-2.4148,-56.538,-56.934,-46.863,-72.666,-85.713
76,52.026,23.31,-34.875,-49.643,-24.254,13.802,-62.901,59.036,-48.274,-79.972,-30.262,-58.775,6.6855,18.838,-51.262,-59.268,-97.079,-64.848,61.396,-50.029,-62.675,34.435,-73.611,-43.243,-63.235,-42.656,-72.617,-1.0938,2.0736,-28.644,-52.903,23.227,-112.76,-48.219,-30.229,-47.27,-30.63,-30.626,3.5668,6.335,-20.084,-52.349,-52.126,-52.112,-50.643,-39.915,-36.115,45.36,-63.144,-54.002,-39.808,-73.091,16.052,1.6171,-3.1169,-34.846,-1.7161,-53.132,-53.573,-44.098,-66.199,-77.26
77,62.64,29.126,-32.814,-48.808,-25.149,14.349,-60.419,67.015,-53.278,-83.95,-31.344,-56.875,5.3737,17.533,-49.533,-56.321,-97.771,-63.604,60.911,-48.485,-61.788,33.223,-88.39,-43.776,-61.92,-43.239,-72.512,-2.521,0.46031,-29.511,-53.342,22.83,-114.79,-48.285,-31.113,-47.405,-31.486,-31.407,4.293,6.8459,-22.649,-51.974,-51.764,-51.75,-50.36,-40.084,-36.512,37.174,-67.95,-53.532,-39.984,-73.704,17.27,2.0438,-2.3725,-38.139,-1.07,-52.558,-52.988,-44.003,-73.466,-85.167
78,53.138,33.128,-25.66,-44.158,-26.004,12.925,-63.147,87.981,-48.614,-81.102,-31.869,-59.675,5.4355,16.239,-51.085,-57.99,-98.887,-66.906,72.68,-50.022,-65.095,31.569,-90.509,-43.541,-63.333,-43.004,-74.988,-0.26291,2.8636,-28.222,-54.411,19.275,-113.13,-48.082,-29.878,-47.211,-30.266,-29.935,4.1834,7.1089,-19.879,-51.945,-51.741,-51.728,-50.378,-39.584,-35.906,17.199,-66.753,-53.459,-39.481,-73.371,15.556,1.2887,-3.8828,-36.149,-2.355,-52.707,-53.11,-44.103,-71.1,-82.75
79,45.729,17.713,-35.298,-46.255,-24.409,12.049,-58.968,53.666,-47.679,-76.389,-30.212,-55.339,4.8119,17.331,-49.456,-56.5,-94.032,-63.795,58.724,-48.371,-61.927,32.38,-78.084,-41.677,-62.714,-41.174,-73.191,-2.4189,0.45933,-27.942,-53.839,22.728,-115.72,-46.532,-29.73,-45.74,-30.076,-30.977,3.9911,6.4935,-21.628,-51.58,-51.4,-51.388,-50.197,-39.575,-36.372,42.12,-67.782,-52.919,-39.485,-73.293,16.364,1.1576,-3.1033,-36.952,-1.8432,-54.714,-55.059,-45.871,-73.343,-84.162
80,57.273,29.193,-33.854,-51.501,-25.001,13.195,-64.232,66.155,-56.104,-87.819,-30.643,-60.424,5.8611,19.22,-52.133,-59.848,-101.97,-66.092,62.687,-50.948,-64.039,33.697,-67.105,-43.123,-64.257,-42.493,-74.094,-1.1728,2.1517,-28.929,-54.011,22.128,-112.65,-48.33,-29.943,-47.246,-30.393,-30.928,2.7117,5.7932,-19.65,-52.931,-52.659,-52.642,-50.851,-40.356,-35.825,41.885,-66.492,-54.944,-40.228,-73.539,15.936,2.1646,-3.3948,-36.206,-1.7494,-53.46,-54.033,-44.777,-71.688,-84.476
81,48.867,28.973,-30.843,-54.312,-24.416,13.679,-65.076,70.916,-52.219,-84.791,-29.555,-61.905,6.5687,14.87,-49.958,-56.071,-99.347,-67.155,67.343,-49.014,-65.474,35.428,-94.485,-42.217,-61.877,-41.787,-74.175,-2.4395,0.51355,-28.147,-54.126,22.927,-111.63,-47.828,-31.909,-47.214,-32.212,-32.081,3.9644,6.5461,-22.552,-52.317,-52.191,-52.183,-51.345,-40.817,-38.27,38.531,-68.855,-53.236,-40.746,-73.319,17.32,1.8406,-2.1616,-37.808,-0.98687,-53.799,-54.03,-44.295,-74.372,-85.538
82,53.132,24.577,-26.292,-46.532,-25.012,11.25,-66.773,43.598,-54.081,-81.958,-30.797,-64.225,4.5218,16.605,-52.497,-58.327,-96.865,-68.616,50.128,-51.595,-67.067,34.723,-68.796,-41.423,-62.077,-40.821,-72.847,-1.8105,1.7525,-29.088,-53.546,22.747,-115.12,-46.255,-30.339,-45.127,-30.826,-29.128,3.725,7.5486,-16.141,-52.267,-51.946,-51.926,-49.806,-42.501,-37.011,48.809,-66.591,-54.642,-42.347,-73.15,17.371,2.9659,-4.0902,-37.261,-1.998,-55.55,-56.336,-50.043,-77.484,-88.655
83,53.207,35.372,-28.165,-46.006,-26.364,10.173,-63.156,72.17,-53.498,-84.075,-31.646,-59.949,3.1172,12.825,-51.7,-57.949,-99.338,-66.59,67.438,-50.735,-64.9,31.825,-89.308,-42.729,-63.049,-42.188,-74.423,-1.5497,1.3285,-27.83,-54.903,21.779,-112.9,-47.547,-29.395,-46.624,-29.777,-30.027,4.376,6.9636,-21.343,-52.13,-51.901,-51.886,-50.369,-39.436,-35.618,47.788,-67.702,-53.832,-39.328,-75.238,15.747,1.5016,-3.154,-36.651,-1.7797,-53.588,-54.072,-44.932,-73.204,-84.714
84,51.057,25.461,-25.378,-41.737,-25.592,12.935,-60.727,63.298,-45.645,-77.133,-31.393,-57.166,5.7213,18.153,-50.446,-57.342,-96.926,-65.423,64.957,-49.379,-63.566,33.866,-84.765,-42.805,-62.997,-42.263,-74.29,-1.68,1.3687,-28.208,-54.34,22.48,-113.26,-47.257,-29.34,-46.397,-29.705,-29.684,4.2983,6.7188,-21.032,-51.742,-51.542,-51.529,-50.205,-38.346,-34.97,43.378,-67.106,-53.222,-38.251,-75.383,16.089,2.3574,-1.672,-34.622,-0.48567,-54.311,-54.714,-43.435,-72.463,-86.168
85,57.449,52.177,-30.038,-49.742,-27.054,13.207,-59.191,81.817,-62.815,-96.202,-32.252,-55.971,4.7846,15.033,-49.996,-56.635,-104.75,-62.493,66.532,-48.946,-60.943,29.922,-79.09,-41.66,-62.013,-41.189,-70.865,-0.7976,3.0227,-29.234,-53.754,22.284,-110.36,-46.563,-30.517,-45.85,-30.916,-31.262,4.5697,8.2139,-19.864,-52.426,-52.274,-52.265,-51.247,-41.721,-38.288,48.591,-67.968,-53.524,-41.627,-72.964,19.513,2.498,-3.982,-36.33,-2.0845,-57.54,-57.82,-49.606,-74.617,-85.01
86,52.389,31.953,-27.305,-46.13,-25.931,17.149,-63.642,48.649,-63.165,-96.814,-31.174,-59.714,8.522,13.348,-51.853,-59.902,-108.6,-64.161,50.994,-50.583,-62.249,29.972,-84.595,-41.58,-62.506,-41.078,-70.522,0.58334,4.3974,-28.859,-52.529,23.272,-113.6,-47.118,-30.964,-46.347,-31.391,-29.394,4.5847,8.0553,-17.172,-52.201,-52.032,-52.021,-50.887,-43.246,-39.418,42.911,-67.655,-53.438,-43.141,-73.083,18.745,1.3792,-5.2801,-36.482,-3.3118,-53.358,-53.685,-50.233,-76.959,-85.588
87,54.663,33.45,-24.435,-46.575,-26.076,14.823,-64.141,67.4,-49.481,-83.917,-31.33,-60.413,6.9343,12.24,-51.194,-58.486,-101.42,-66.064,63.905,-50.068,-64.089,33.26,-78.176,-42.3,-63.508,-41.703,-72.798,-0.41251,2.9444,-28.98,-53.821,22.563,-116.31,-47.4,-30.695,-46.431,-31.139,-31.106,3.658,6.7426,-21.283,-52.803,-52.576,-52.561,-51.059,-42.391,-38.083,50.04,-66.118,-54.484,-42.27,-110.41,16.967,2.5044,-3.3219,-36.988,-1.5936,-55.892,-56.343,-49.105,-71.474,-79.614
88,52.461,18.727,-46.845,-58.913,-22.716,13.791,-60.275,48.729,-76.322,-108.66,-30.388,-56.348,6.7377,30.942,-44.662,-52.231,-114.57,-63.353,52.054,-43.478,-61.4,27.81,-91.536,-43.958,-59.593,-43.468,-73.365,-2.0437,1.3541,-28.357,-49.876,23.306,-113.46,-47.731,-30.558,-46.96,-30.983,-31.318,-0.33643,3.6356,-17.635,-51.9,-51.721,-51.71,-50.498,-42.561,-38.234,58.299,-69.951,-53.181,-42.443,-72.928,22.424,4.2422,-4.1012,-36.52,-1.6707,-57.035,-57.443,-52.813,-77.669,-83.958
89,58.818,32.663,-31.138,-50.563,-23.214,13.274,-63.863,70.128,-58.947,-93.225,-29.289,-60.012,4.925,19.987,-51.274,-58.804,-106.08,-65.669,62.105,-50.117,-63.632,33.602,-98.671,-42.011,-63.411,-41.436,-73.601,-2.5282,0.43134,-28.784,-53.597,23.032,-114.26,-47.182,-30.308,-46.202,-30.71,-30.767,3.54,6.2161,-20.767,-51.683,-51.438,-51.422,-49.808,-40.081,-36.04,36.766,-66.817,-53.502,-39.966,-73.681,16.471,1.9494,-2.8492,-37.296,-1.4274,-52.434,-52.951,-44.402,-72.544,-84.878
90,48.253,17.595,-25.291,-44.108,-26.564,12.437,-64.992,41.234,-46.926,-73.839,-31.887,-60.227,5.3558,23.647,-51.798,-61.219,-93.695,-65.932,52.266,-50.348,-63.387,33.841,-100.53,-42.357,-64.209,-41.928,-73.196,-1.1886,1.8171,-27.742,-52.224,22.967,-113.06,-47.637,-30.394,-47.084,-30.675,-30.738,4.3126,6.7737,-18.248,-52.83,-52.733,-52.727,-52.087,-39.215,-37.158,51.606,-65.476,-53.542,-39.157,-72.915,15.363,0.67551,-2.8217,-37.003,-1.7906,-56.588,-56.721,-44.229,-72.741,-85.449
91,61.108,29.662,-29.755,-49.545,-25.701,13.8,-62.642,68.697,-51.664,-85.149,-31.606,-59.016,5.3682,19.435,-50.291,-57.404,-98.693,-65.826,63.061,-49.196,-63.902,31.955,-83.871,-43.034,-62.74,-42.496,-73.661,-1.5741,1.566,-28.71,-53.487,22.048,-113.12,-47.897,-30.434,-47.053,-30.807,-31.886,4.5227,7.4673,-21.447,-52.579,-52.388,-52.375,-51.115,-40.294,-36.86,40.362,-64.616,-53.996,-40.198,-72.839,18.914,1.9159,-3.0638,-36.9,-1.5917,-54.805,-55.17,-45.534,-68.457,-79.921
92,67.885,36.48,-18.141,-43.359,-30.699,13.265,-63.745,66.352,-38.95,-78.841,-35.172,-59.901,3.7644,21.981,-51.267,-58.424,-98.556,-66.477,60.307,-50.164,-64.585,32.532,-73.027,-43.542,-63.416,-43.021,-73.835,-3.0357,-0.079805,-29.516,-54.771,21.913,-112.8,-47.523,-30.618,-46.729,-30.967,-30.616,4.1128,6.5471,-21.997,-52.291,-52.117,-52.106,-50.953,-39.841,-36.718,37.059,-67.96,-53.582,-39.753,-72.998,16.789,1.5608,-2.5706,-37.054,-1.3509,-56.186,-56.509,-45.761,-74.259,-86.397
93,52.359,19.213,-31.18,-51.619,-25.376,11.024,-64.809,49.637,-30.259,-66.362,-31.12,-60.823,4.4956,20.681,-52.27,-59.952,-90.108,-66.313,52.918,-51.085,-64.247,34.859,-68.088,-43.264,-64.178,-42.695,-73.783,-2.0672,1.0562,-29.123,-54.629,21.821,-113.96,-48.045,-30.639,-47.13,-31.023,-31.068,3.711,6.1878,-22.217,-52.297,-52.09,-52.076,-50.701,-40.1,-36.612,38.175,-67.226,-53.837,-40.002,-72.942,15.951,0.75348,-3.2459,-36.636,-2.0674,-53.937,-54.33,-44.712,-72.666,-84.465
94,55.995,30.301,-32.733,-48.268,-25.425,12.056,-61.529,64.752,-53.751,-86.566,-31.07,-57.589,4.1893,22.308,-50.325,-58.252,-101.93,-64.826,64.541,-49.106,-62.703,33.085,-87.379,-41.719,-64.167,-41.125,-73.866,-1.9931,1.321,-29.291,-53.554,21.656,-120.19,-46.392,-29.851,-45.386,-30.288,-29.389,3.2901,6.4917,-18.039,-51.658,-51.411,-51.395,-49.762,-40.549,-36.172,43.014,-67.214,-53.498,-40.425,-73.842,16.55,2.0423,-3.8389,-36.405,-2.095,-54.757,-55.268,-46.921,-72.777,-83.817
95,53.71,28.719,-31.751,-49.151,-25.59,12.703,-62.039,70.225,-55.664,-87.223,-30.883,-58.178,5.6715,18.655,-50.376,-57.929,-101.67,-65.26,64.598,-49.216,-63.223,32.468,-88.689,-43.144,-63.632,-42.547,-74.523,-1.0162,2.1098,-28.901,-53.854,21.695,-113.31,-47.899,-30.199,-46.887,-30.62,-31.765,3.5344,6.3346,-22.084,-52.177,-51.926,-51.91,-50.25,-40.338,-36.121,42.476,-67.935,-54.046,-40.219,-73.625,14.503,1.5951,-3.4256,-37.166,-1.9392,-53.278,-53.809,-45.39,-73.506,-86.412
96,57.218,30.566,-26.011,-44.486,-27.78,11.251,-61.74,70.252,-49.456,-82.079,-32.162,-58.132,4.5415,18.382,-51.087,-58.114,-99.364,-64.662,64.325,-50.002,-62.771,37.127,-81.443,-42.209,-62.997,-41.597,-72.56,-1.3613,1.9367,-28.789,-53.932,23.67,-114.41,-46.795,-29.579,-45.763,-30.009,-30.073,3.8367,6.7588,-20.563,-51.585,-51.332,-51.316,-49.648,-40.05,-35.824,32.897,-66.808,-53.455,-39.931,-77.009,16.846,1.1701,-3.9961,-36.681,-2.4709,-53.68,-54.203,-45.798,-72.791,-84.14
97,54.832,43.565,-28.628,-50.037,-27.911,14.515,-63.169,79.847,-51.922,-87.208,-32.615,-59.2,6.6431,16.377,-48.502,-56.109,-101.82,-63.75,65.139,-47.319,-61.758,32.938,-76.976,-42.148,-60.594,-41.609,-70.704,-2.0472,1.3091,-29.292,-51.128,23.378,-113.65,-47.066,-31.664,-46.278,-32.052,-30.419,3.4026,6.0382,-20.987,-52.474,-52.317,-52.307,-51.258,-42.942,-39.659,38.908,-68.73,-53.621,-42.851,-73.495,19.487,2.1203,-2.4018,-37.649,-1.0734,-56.403,-56.658,-49.748,-77.998,-86.427
98,53.822,27.144,-30.168,-50.137,-24.435,13.774,-63.267,57.093,-49.307,-84.792,-30.52,-59.401,6.2084,18.084,-50.074,-57.412,-100.42,-66.049,55.917,-48.944,-64.011,35.404,-74.542,-43.465,-63.002,-42.833,-74.754,-2.7709,0.7205,-30.246,-53.474,22.741,-112.18,-48.102,-31.105,-47.048,-31.557,-31.517,2.4245,5.8261,-20.696,-51.433,-51.179,-51.162,-49.473,-40.371,-35.961,42.499,-66.966,-53.315,-40.247,-73.126,20.292,3.0067,-3.0863,-36.353,-1.2955,-50.262,-50.792,-42.672,-71.487,-84.753
99,53.795,34.457,-26.101,-42.05,-25.88,13.55,-60.468,74.127,-49.305,-80.345,-31.442,-56.826,6.0831,15.993,-50.273,-57.163,-97.656,-64.541,66.996,-49.209,-62.711,32.851,-82.149,-43.048,-62.749,-42.488,-73.459,-1.4826,1.6513,-28.711,-54.263,23.46,-112.42,-47.853,-30.446,-46.974,-30.827,-30.574,4.0706,6.6452,-22.099,-52.204,-52.004,-51.991,-50.668,-40.265,-36.78,43.594,-68.824,-53.683,-40.167,-73.2,16.338,1.1012,-3.2399,-36.993,-1.9599,-53.718,-54.105,-45.19,-74.618,-85.97
,,,,,,,,,,,,,,,,,,,,,,,,,,,,,,,,,,,,,,,,,,,,,,,,,,,,,,,,,,,,,,
sd,5.259989437,7.363104542,4.6606293,3.570846459,2.134770584,1.933135565,1.802721892,11.24404472,6.414176349,5.971939363,1.4389614,1.596784309,1.462609344,4.433098183,1.02049524,1.223799911,3.883083369,1.102310828,6.163225217,1.028215859,1.060005488,2.373964094,10.98457219,0.825355496,0.824269752,0.82396166,1.045516521,0.85299482,0.996492287,0.752228252,1.042399282,2.398309492,1.963741574,0.674348261,0.714314894,0.69708528,0.697155181,0.750705554,0.793957016,0.7917854,1.454441106,0.554473158,0.554248246,0.554464285,0.67636285,1.110458555,1.079033191,9.330341692,1.54357452,0.70467584,1.103283187,5.673392935,1.974368728,0.829144989,0.769731858,1.037810036,0.669463108,1.875784837,1.834097254,2.161091287,2.329106923,2.336841621