-31.949,8.1497,-57.446,-37.952,-64.148,-43.553,-62.913,-70.168,-43.482,-62.631,-42.883,-42.706,-1.252,1.9771,-69.324,-53.378,22.856,20.98,-48.448,-67.727,-47.006,-46.813,-48.7,-30.687,-68.77,-47.761,-68.583,-29.635,-48.657,-75.15,3.3413,-29.057,3.413,-28.414,-19.952,-51.509,-53.127,-51.269,-49.673,-53.251,-53.182,-52.276,-51.254,-49.976,-50.099,-52.407,-49.667,-39.107,-38.245,-38.992,-74.037,-36.885,-36.261,-35.85,-1.8165,-36.339,-1.1761,1.1329,-85.031,-51.655,-52.73,-84.724
-30.753,8.4792,-56.383,-37.007,-63.623,-42.657,-62.368,-69.656,-42.586,-62.101,-41.987,-41.809,-0.81171,2.4821,-68.836,-53.225,23.892,22.05,-48.176,-66.988,-46.645,-46.439,-48.444,-29.738,-68.036,-47.448,-67.848,-28.621,-48.398,-74.149,3.4282,-29.632,3.5056,-28.96,-20.042,-52.988,-54.802,-52.718,-50.918,-54.94,-54.863,-53.848,-52.7,-51.26,-51.398,-53.995,-50.911,-39.646,-38.689,-39.519,-72.785,-36.557,-35.872,-35.42,-2.5225,-35.958,-1.7955,0.83415,-84.552,-55.818,-57.102,-84.197
-30.301,6.772,-57.697,-36.447,-63.6,-42.596,-63.467,-69.514,-42.519,-63.169,-41.875,-41.684,-1.3934,1.7578,-68.602,-53.428,23.694,21.865,-48.394,-68.426,-46.786,-46.571,-48.675,-30.616,-69.571,-47.627,-69.365,-29.498,-48.627,-74.586,3.3079,-29.573,3.3772,-28.927,-20.502,-52.169,-54.043,-51.891,-50.049,-54.187,-54.107,-53.056,-51.873,-50.399,-50.54,-53.207,-50.043,-39.816,-38.862,-39.69,-73.846,-36.716,-36.069,-35.643,-1.1715,-36.15,-0.53804,1.7372,-85.56,-51.938,-53.218,-85.184
-30.609,7.8968,-58.149,-36.034,-65.12,-41.779,-63.959,-70.154,-41.701,-63.672,-41.044,-40.849,-0.38763,2.9949,-69.281,-54.236,25.922,24.191,-47.903,-68.89,-46.251,-46.029,-48.192,-30.494,-70.017,-47.116,-69.815,-29.292,-48.142,-74.357,2.9462,-30.063,3.0242,-29.407,-20.835,-52.953,-54.889,-52.666,-50.755,-55.037,-54.954,-53.87,-52.648,-51.118,-51.265,-54.027,-50.748,-41.194,-40.159,-41.057,-73.403,-38.297,-37.607,-37.153,-1.9763,-37.693,-1.2324,1.4416,-84.917,-54.929,-56.274,-84.541
-30.478,6.9463,-59.311,-35.662,-64.002,-40.924,-63.5,-68.589,-40.868,-63.118,-40.394,-40.254,-0.66191,2.4977,-67.423,-50.75,24.66,22.865,-46.368,-67.248,-45.269,-45.122,-46.56,-30.931,-68.699,-45.844,-68.439,-29.998,-46.527,-72.578,4.0265,-28.281,4.109,-27.609,-18.891,-51.189,-52.381,-51.013,-49.842,-52.472,-52.421,-51.753,-51.001,-50.064,-50.154,-51.849,-49.838,-40.401,-39.644,-40.301,-73.44,-35.66,-34.956,-34.493,-2.8088,-35.044,-2.0482,0.68339,-84.954,-54.57,-55.327,-84.501
-30.889,6.9055,-57.783,-37.196,-65.75,-43.269,-63.71,-71.105,-43.192,-63.413,-42.54,-42.346,-0.77606,2.6658,-70.175,-53.669,24.77,22.81,-48.789,-68.716,-47.192,-46.978,-49.068,-31.233,-69.877,-48.028,-69.669,-30.073,-49.02,-75.312,2.4309,-30.145,2.5101,-29.469,-20.562,-52.142,-53.958,-51.873,-50.08,-54.097,-54.02,-53.002,-51.855,-50.421,-50.558,-53.149,-50.074,-40.77,-39.803,-40.642,-72.886,-38.358,-37.66,-37.199,-3.4522,-37.747,-2.7303,-0.12792,-83.497,-51.516,-52.737,-83.114
-30.91,6.6759,-57.146,-37.124,-62.897,-43.438,-62.796,-69.169,-43.366,-62.496,-42.756,-42.575,-0.87856,2.3342,-68.279,-52.71,24.429,22.518,-49.204,-67.904,-47.741,-47.545,-49.461,-31.013,-69.019,-48.507,-68.819,-29.951,-49.417,-74.602,2.7485,-30.587,2.8216,-29.917,-21.155,-52.89,-54.529,-52.648,-51.04,-54.654,-54.584,-53.665,-52.632,-51.345,-51.468,-53.798,-51.034,-39.964,-39.087,-39.847,-73.12,-38.565,-37.907,-37.473,-2.226,-37.989,-1.5725,0.77482,-85.299,-53.145,-54.216,-84.973
-30.335,6.901,-56.734,-37.074,-64.631,-43.615,-62.798,-70.825,-43.549,-62.517,-42.994,-42.83,-1.7726,1.7016,-69.925,-53.371,25.155,22.569,-49.395,-67.985,-48.104,-47.931,-49.621,-31.676,-69.014,-48.78,-68.83,-30.638,-49.582,-76.144,3.612,-30.389,3.6913,-29.624,-19.702,-52.959,-54.393,-52.746,-51.329,-54.502,-54.441,-53.638,-52.732,-51.599,-51.707,-53.754,-51.324,-39.723,-38.874,-39.611,-73.236,-37.302,-36.566,-36.082,-1.85,-36.658,-1.1658,1.287,-86.094,-52.807,-53.781,-85.802
-29.566,5.3654,-59.318,-35.691,-64.24,-41.69,-64.682,-69.98,-41.619,-64.345,-41.021,-40.844,-1.028,2.4133,-68.923,-53.262,24.279,22.359,-47.209,-68.977,-45.733,-45.535,-47.468,-30.984,-70.265,-46.505,-70.034,-29.854,-47.424,-74.645,2.8741,-30.482,2.9577,-29.839,-21.363,-50.856,-52.573,-50.602,-48.917,-52.705,-52.631,-51.669,-50.586,-49.237,-49.366,-51.808,-48.911,-40.238,-39.274,-40.11,-73.092,-36.234,-35.594,-35.172,-2.0021,-35.674,-1.2288,1.5541,-85.58,-51.013,-52.189,-85.152
-31.184,5.9231,-58.054,-36.834,-63.801,-42.419,-63.513,-69.183,-42.332,-63.193,-41.606,-41.391,-1.0369,2.5153,-68.186,-52.614,25.175,23.282,-48.279,-68.001,-46.484,-46.244,-48.594,-30.41,-69.255,-47.422,-69.03,-29.159,-48.54,-73.823,3.5492,-31.49,3.6303,-30.721,-20.687,-53.153,-55.219,-52.849,-50.837,-55.377,-55.289,-54.129,-52.829,-51.217,-51.371,-54.296,-50.829,-41.054,-39.99,-40.913,-73.173,-38.864,-38.091,-37.583,-2.5774,-38.188,-1.85,0.74183,-86.42,-55.26,-56.612,-86
-29.354,6.1608,-56.931,-35.752,-64.417,-42.166,-62.398,-69.565,-42.096,-62.119,-41.503,-41.327,-1.5324,1.6251,-68.712,-52.989,23.937,22.073,-48.116,-66.985,-46.659,-46.464,-48.371,-30.836,-68.047,-47.421,-67.856,-29.784,-48.327,-73.866,2.664,-30.808,2.7384,-30.145,-21.43,-52.024,-53.693,-51.777,-50.132,-53.82,-53.749,-52.814,-51.761,-50.445,-50.57,-52.949,-50.126,-39.976,-39.094,-39.859,-73.188,-37.741,-37.079,-36.644,-1.8799,-37.162,-1.1986,1.2569,-82.709,-52.189,-53.32,-82.375
-31.08,7.5305,-57.831,-37.066,-64.14,-42.746,-63.188,-70.001,-42.676,-62.867,-42.082,-41.906,-1.0296,2.0999,-69.045,-52.432,25.768,24.017,-48.177,-68.119,-46.847,-46.668,-48.41,-31.584,-69.296,-47.543,-69.085,-30.577,-48.37,-74.899,3.3933,-27.885,3.4593,-27.207,-18.421,-52.44,-53.811,-52.237,-50.888,-53.915,-53.857,-53.089,-52.224,-51.144,-51.247,-53.2,-50.883,-41.194,-40.414,-41.09,-73.351,-37.252,-36.562,-36.109,-3.3736,-36.648,-2.7899,-0.69897,-84.747,-54.798,-55.616,-84.435
-30.805,8.4972,-58.742,-36.867,-64.836,-42.709,-63.897,-69.763,-42.627,-63.593,-41.938,-41.733,-1.5401,1.6306,-68.833,-53.649,23.927,22.109,-48.151,-68.318,-46.41,-46.177,-48.456,-30.736,-69.456,-47.322,-69.251,-29.533,-48.404,-74.244,2.5741,-30.97,2.6473,-30.294,-21.439,-51.527,-53.585,-51.222,-49.195,-53.742,-53.654,-52.501,-51.202,-49.58,-49.735,-52.668,-49.188,-40.102,-39.049,-39.963,-72.52,-37.369,-36.68,-36.225,-1.8705,-36.766,-1.1575,1.4037,-85.663,-50.651,-52.088,-85.312
-29.188,8.7904,-56.654,-35.971,-63.986,-42.824,-62.135,-69.471,-42.747,-61.83,-42.098,-41.906,-0.35291,2.9436,-68.501,-51.863,24.027,22.234,-49.148,-67.032,-47.566,-47.354,-49.426,-31.081,-68.199,-48.393,-67.99,-29.926,-49.378,-73.934,4.0004,-30.482,4.0817,-29.677,-19.247,-52.736,-54.515,-52.473,-50.735,-54.651,-54.575,-53.577,-52.456,-51.064,-51.197,-53.721,-50.729,-41.207,-40.222,-41.077,-73.129,-38.798,-37.972,-37.428,-2.6843,-38.075,-1.9368,0.72459,-81.323,-51.405,-52.543,-80.968
-32.094,8.8075,-57.016,-37.206,-64.384,-42.881,-62.511,-69.71,-42.806,-62.207,-42.175,-41.988,-0.32586,2.9944,-68.782,-52.268,23.285,21.505,-48.632,-67.306,-47.068,-46.858,-48.905,-31.275,-68.482,-47.886,-68.271,-30.127,-48.859,-74.281,3.4313,-28.27,3.5072,-27.626,-19.22,-52.603,-54.418,-52.335,-50.547,-54.556,-54.479,-53.462,-52.317,-50.886,-51.023,-53.609,-50.54,-41.176,-40.197,-41.046,-73.042,-34.571,-33.901,-33.459,-1.5824,-33.984,-0.86576,1.7112,-83.979,-52.634,-53.877,-83.594
-29.591,7.6629,-58.33,-35.698,-64.692,-42.153,-63.9,-70.054,-42.083,-63.57,-41.49,-41.314,-1.2714,1.6377,-69.029,-52.795,24.026,22.421,-48.545,-68.585,-47.064,-46.866,-48.805,-30.892,-69.866,-47.838,-69.636,-29.85,-48.76,-74.571,2.8606,-30.677,2.9285,-29.996,-21.092,-53.151,-54.889,-52.894,-51.192,-55.022,-54.947,-53.972,-52.877,-51.515,-51.645,-54.113,-51.186,-40.605,-39.702,-40.485,-73.473,-37.159,-36.458,-35.997,-1.821,-36.546,-1.1903,1.0691,-84.768,-53.935,-55.123,-84.328
-31.64,8.5325,-56.94,-37.419,-63.329,-42.776,-63.013,-70.157,-42.706,-62.748,-42.116,-41.941,-1.2783,2.1073,-69.35,-53.822,23.165,21.672,-47.774,-68.094,-46.425,-46.243,-48.009,-30.827,-69.024,-47.133,-68.857,-29.796,-47.969,-75.52,3.272,-29.216,3.3416,-28.621,-20.61,-51.462,-52.859,-51.254,-49.853,-52.965,-52.906,-52.126,-51.24,-50.121,-50.228,-52.239,-49.848,-39.718,-38.949,-39.617,-73.017,-36.975,-36.446,-36.095,-3.4201,-36.512,-2.835,-0.70455,-84.1,-52.986,-53.858,-83.862
-29.792,7.5013,-56.891,-35.45,-64.333,-41.328,-62.536,-70.031,-41.268,-62.251,-40.758,-40.606,-1.4831,1.6876,-69.215,-52.901,22.433,20.753,-47.139,-67.466,-45.913,-45.748,-47.354,-30.856,-68.536,-46.556,-68.344,-29.874,-47.317,-75.134,2.5875,-29.841,2.6629,-29.176,-20.489,-51.571,-52.94,-51.368,-50.012,-53.045,-52.986,-52.22,-51.355,-50.27,-50.374,-52.331,-50.007,-39.902,-39.101,-39.796,-72.84,-35.74,-35.063,-34.616,-1.5647,-35.147,-0.87008,1.6327,-86.477,-53.219,-54.129,-86.173
-30.71,8.8841,-56.612,-36.692,-63.552,-42.281,-62.361,-69.518,-42.222,-62.115,-41.721,-41.572,-1.5214,1.7065,-68.802,-53.872,24.882,22.938,-47.476,-67.424,-46.31,-46.152,-47.679,-30.645,-68.297,-46.922,-68.141,-29.7,-47.644,-74.891,4.0172,-30.857,4.0899,-30.226,-21.808,-51.695,-52.939,-51.509,-50.26,-53.033,-52.98,-52.286,-51.496,-50.499,-50.595,-52.387,-50.255,-39.228,-38.505,-39.132,-72.79,-38.231,-37.626,-37.226,-2.2055,-37.701,-1.5703,0.73662,-86.041,-54.489,-55.295,-85.812
-31.078,5.5847,-58.714,-37.042,-64.938,-42.753,-63.78,-69.955,-42.668,-63.446,-41.956,-41.746,-1.6677,1.7626,-68.921,-52.552,24.851,22.843,-48.203,-68.045,-46.396,-46.154,-48.521,-31.18,-69.333,-47.341,-69.102,-29.93,-48.466,-74.118,2.7587,-30.424,2.8371,-29.705,-20.287,-51.785,-53.943,-51.466,-49.35,-54.108,-54.016,-52.806,-51.445,-49.751,-49.913,-52.98,-49.342,-40.938,-39.844,-40.793,-73.127,-37.805,-37.075,-36.594,-1.7137,-37.166,-0.97984,1.6568,-85.245,-51.247,-52.754,-84.8
-30.017,10.149,-58.394,-36.245,-63.913,-42.479,-64,-69.547,-42.39,-63.649,-41.632,-41.408,-1.6977,1.9146,-68.455,-52.072,24.846,22.732,-48.271,-68.824,-46.372,-46.118,-48.604,-31.02,-70.195,-47.365,-69.949,-29.708,-48.547,-74.362,1.8012,-30.213,1.8827,-29.421,-18.967,-51.582,-53.802,-51.254,-49.079,-53.972,-53.877,-52.632,-51.233,-49.491,-49.657,-52.811,-49.071,-40.448,-39.319,-40.298,-73.352,-38.049,-37.252,-36.726,-1.4821,-37.351,-0.73645,1.9363,-85.193,-50.022,-51.527,-84.72
-30.318,8.6699,-58.023,-36.585,-64.105,-42.546,-63.285,-70.234,-42.485,-63.001,-41.975,-41.824,-1.3885,1.8956,-69.444,-53.614,23.396,21.962,-47.884,-67.689,-46.761,-46.61,-48.081,-30.94,-68.694,-47.35,-68.514,-29.996,-48.047,-75.489,2.6314,-29.689,2.7077,-28.973,-19.591,-52.037,-53.157,-51.87,-50.759,-53.243,-53.195,-52.568,-51.859,-50.97,-51.055,-52.659,-50.755,-38.953,-38.248,-38.859,-73.328,-36.192,-35.497,-35.039,-1.7333,-35.584,-1.0631,1.3541,-86.408,-55.162,-55.805,-86.185
-29.69,6.709,-57.937,-35.314,-64.73,-41.309,-62.916,-69.299,-41.234,-62.587,-40.601,-40.413,-1.6885,1.5827,-68.242,-51.863,24.937,23.19,-47.533,-67.259,-45.942,-45.729,-47.812,-31.075,-68.527,-46.775,-68.299,-29.921,-47.764,-73.263,2.1613,-30.288,2.2374,-29.713,-22.226,-52.402,-54.286,-52.123,-50.272,-54.431,-54.35,-53.294,-52.105,-50.623,-50.765,-53.446,-50.265,-41.339,-40.332,-41.205,-72.946,-36.589,-35.993,-35.6,-1.7121,-36.067,-0.98801,1.6119,-84.161,-53.75,-55.07,-83.712
-31.226,7.8401,-57.301,-37.355,-64.125,-43.165,-63.356,-70.446,-43.09,-63.074,-42.461,-42.274,-0.36778,3.1887,-69.609,-53.716,23.307,21.387,-48.861,-68.138,-47.308,-47.099,-49.132,-30.299,-69.218,-48.122,-69.024,-29.129,-49.086,-75.322,3.1449,-29.737,3.2283,-29.013,-19.439,-53.348,-55.12,-53.085,-51.327,-55.255,-55.18,-54.189,-53.068,-51.662,-51.796,-54.332,-51.32,-40.372,-39.4,-40.243,-72.965,-36.637,-35.912,-35.433,-2.3623,-36.002,-1.5908,1.1958,-85.187,-55.139,-56.346,-84.86
-32.723,8.6468,-57.174,-38.466,-63.998,-43.565,-63.321,-70.121,-43.487,-63.029,-42.827,-42.632,-0.5219,2.9689,-69.229,-53.323,22.959,21.087,-48.692,-68.229,-47.043,-46.821,-48.98,-30.317,-69.351,-47.907,-69.15,-29.113,-48.93,-74.762,3.3288,-29.545,3.41,-28.835,-19.457,-53.115,-55.025,-52.831,-50.935,-55.171,-55.089,-54.021,-52.812,-51.296,-51.441,-54.176,-50.928,-40.37,-39.354,-40.235,-73.075,-37.971,-37.258,-36.787,-2.9394,-37.347,-2.1787,0.56756,-85.825,-55.369,-56.695,-85.469
-30.122,7.5317,-57.367,-35.668,-64.516,-41.758,-63.294,-70.372,-41.684,-63.038,-41.06,-40.875,-0.73681,2.5915,-69.583,-54.52,23.072,21.302,-48.377,-68.286,-46.766,-46.55,-48.658,-30.869,-69.279,-47.61,-69.101,-29.715,-48.61,-75.318,2.9362,-30.216,3.0141,-29.575,-21.068,-53.713,-55.66,-53.424,-51.493,-55.809,-55.726,-54.636,-53.405,-51.861,-52.009,-54.794,-51.486,-41.594,-40.588,-41.461,-73.181,-37.842,-37.187,-36.756,-3.2308,-37.269,-2.4908,0.17993,-86.316,-55.037,-56.448,-85.972
-30.315,7.7554,-58.268,-37.179,-64.025,-44.028,-63.469,-69.513,-43.95,-63.166,-43.291,-43.096,-1.1169,2.1814,-68.593,-53.282,21.741,19.917,-50.121,-67.889,-48.489,-48.27,-50.407,-31.833,-69.03,-49.343,-68.825,-30.679,-50.358,-74.152,2.2733,-29.106,2.3472,-28.445,-19.776,-53.439,-55.31,-53.162,-51.319,-55.453,-55.373,-54.325,-53.144,-51.669,-51.81,-54.477,-51.312,-40.989,-40.021,-40.861,-72.878,-35.831,-35.187,-34.762,-2.2477,-35.267,-1.578,0.83412,-82.983,-51.91,-53.168,-82.634
-31.768,7.0709,-57.098,-36.59,-65.513,-41.688,-62.282,-69.816,-41.621,-62.006,-41.059,-40.893,-2.8398,0.59135,-68.925,-52.864,24.066,22.218,-47.007,-67.042,-45.607,-45.419,-47.252,-31.233,-68.097,-46.339,-67.908,-30.196,-47.21,-73.716,3.047,-30.987,3.1431,-30.134,-18.414,-51.226,-52.886,-50.981,-49.35,-53.013,-52.942,-52.012,-50.965,-49.66,-49.784,-52.146,-49.344,-40.599,-39.69,-40.479,-71.774,-38.951,-38.08,-37.503,-2.0931,-38.189,-1.1615,2.2392,-84.529,-52.45,-53.627,-84.163
-31.958,8.4154,-57.419,-36.954,-63.927,-42.12,-62.339,-69.447,-42.049,-62.045,-41.45,-41.273,-1.2309,1.776,-68.569,-52.494,24.035,22.294,-47.352,-66.869,-45.959,-45.773,-47.597,-29.942,-67.937,-46.688,-67.746,-28.952,-47.555,-74.446,1.3172,-28.978,1.3796,-28.372,-20.5,-51.537,-53.038,-51.316,-49.846,-53.153,-53.089,-52.247,-51.301,-50.125,-50.237,-52.368,-49.841,-39.067,-38.28,-38.962,-73.507,-37.433,-36.861,-36.485,-5.2867,-36.932,-4.7571,-2.8589,-86.597,-53.718,-54.647,-86.301
-29.99,6.6544,-58.659,-35.723,-63.964,-41.711,-63.823,-68.684,-41.627,-63.487,-40.918,-40.707,-1.2546,2.2446,-67.671,-52.495,24.261,22.4,-47.795,-68.556,-46.004,-45.764,-48.109,-31.018,-69.834,-46.941,-69.605,-29.761,-48.055,-73.004,3.3452,-26.931,3.4248,-26.189,-16.496,-52.255,-54.369,-51.942,-49.863,-54.531,-54.441,-53.256,-51.922,-50.257,-50.417,-53.427,-49.855,-41.47,-40.383,-41.326,-73.48,-36.89,-36.143,-35.651,-2.1992,-36.236,-1.4599,1.1939,-85.051,-52.84,-54.305,-84.645
-29.892,9.1051,-59.775,-35.778,-63.782,-41.989,-63.858,-68.759,-41.91,-63.509,-41.247,-41.05,-1.5001,1.9384,-67.672,-51.924,24.834,23.026,-48.347,-67.71,-46.721,-46.503,-48.632,-30.759,-69.042,-47.572,-68.804,-29.597,-48.583,-73.397,2.6928,-29.73,2.7714,-28.918,-18.089,-53.269,-55.131,-52.993,-51.159,-55.273,-55.193,-54.15,-52.975,-51.508,-51.648,-54.301,-51.153,-40.609,-39.637,-40.48,-73.259,-37.955,-37.144,-36.608,-2.0803,-37.245,-1.3645,1.2122,-86.78,-54.9,-56.157,-86.337
-30.823,6.4731,-57.362,-36.102,-63.533,-41.478,-62.207,-68.564,-41.415,-61.952,-40.882,-40.724,-1.2171,2.1826,-67.829,-53.459,24.979,22.93,-46.989,-66.572,-45.713,-45.542,-47.212,-31.251,-67.509,-46.382,-67.342,-30.215,-47.174,-73.372,3.5392,-30.953,3.6214,-30.243,-20.896,-51.544,-52.987,-51.33,-49.899,-53.096,-53.035,-52.228,-51.316,-50.172,-50.281,-52.345,-49.894,-40.591,-39.75,-40.479,-73.103,-39.246,-38.535,-38.065,-1.9346,-38.623,-1.1555,1.6475,-86.173,-53.704,-54.699,-85.898
-31.001,10.351,-57.004,-37.049,-65.15,-43.046,-62.825,-70.604,-42.977,-62.55,-42.402,-42.231,-0.91302,2.2729,-69.776,-53.482,22.973,21.267,-48.705,-67.562,-47.328,-47.143,-48.946,-31.031,-68.596,-48.049,-68.411,-30.015,-48.904,-75.228,4.134,-30.292,4.2032,-29.643,-21.096,-52.577,-54.094,-52.351,-50.851,-54.21,-54.145,-53.296,-52.337,-51.136,-51.251,-53.418,-50.845,-40.423,-39.613,-40.316,-73.105,-35.758,-35.125,-34.708,-1.7638,-35.204,-1.1677,0.98317,-84.552,-53.174,-54.158,-84.245
-31.866,10.086,-57.908,-37.879,-65.442,-43.274,-64.004,-71.657,-43.207,-63.733,-42.639,-42.471,-1.0422,2.1962,-70.854,-54.781,24.229,22.431,-48.367,-68.474,-47.045,-46.867,-48.598,-30.764,-69.461,-47.738,-69.284,-29.755,-48.558,-75.929,3.7039,-29.614,3.7761,-28.978,-20.568,-52.178,-53.593,-51.968,-50.566,-53.701,-53.64,-52.849,-51.954,-50.833,-50.94,-52.963,-50.561,-40.104,-39.311,-39.999,-73.053,-37.09,-36.477,-36.072,-3.0354,-36.553,-2.3961,-0.085625,-82.58,-53.477,-54.37,-82.318
-31.959,9.1543,-58.239,-36.773,-64.539,-41.746,-63.885,-70.384,-41.674,-63.585,-41.067,-40.887,-0.67819,2.6497,-69.483,-53.808,21.208,19.372,-47.201,-67.751,-45.805,-45.618,-47.446,-29.477,-68.857,-46.535,-68.659,-28.447,-47.404,-74.969,3.0952,-32.22,3.1697,-31.539,-22.616,-51.662,-53.137,-51.444,-49.996,-53.25,-53.187,-52.36,-51.43,-50.27,-50.381,-52.48,-49.99,-38.645,-37.844,-38.539,-73.228,-38.38,-37.736,-37.312,-2.7247,-37.816,-2.0945,0.17341,-85.125,-53.604,-54.508,-84.827
-31.598,7.4101,-57.184,-37.255,-64.414,-42.993,-62.482,-69.768,-42.924,-62.214,-42.343,-42.171,-0.92303,2.2332,-68.962,-53.377,24.766,22.9,-48.58,-67.019,-47.157,-46.966,-48.829,-30.481,-68.028,-47.902,-67.847,-29.439,-48.787,-74.391,3.2933,-29.436,3.3647,-28.806,-20.498,-52.701,-54.331,-52.459,-50.847,-54.455,-54.386,-53.474,-52.443,-51.154,-51.277,-53.606,-50.841,-39.634,-38.766,-39.519,-75.352,-37.089,-36.467,-36.057,-2.2035,-36.544,-1.551,0.80337,-84.97,-53.842,-54.958,-84.66
-30.315,9.0252,-57.076,-37.046,-64.283,-43.617,-63.235,-70.335,-43.54,-62.946,-42.887,-42.694,-1.9896,1.1737,-69.441,-53.451,22.398,20.608,-49.416,-68.658,-47.752,-47.529,-49.707,-31.538,-69.771,-48.623,-69.572,-30.383,-49.657,-75.484,2.0516,-30.582,2.126,-29.926,-21.293,-52.44,-54.437,-52.145,-50.18,-54.59,-54.505,-53.385,-52.125,-50.553,-50.703,-53.547,-50.173,-40.513,-39.497,-40.378,-72.929,-38.624,-37.954,-37.512,-2.0964,-38.037,-1.388,1.1576,-85.493,-50.199,-51.616,-85.11
-33.651,7.5801,-59.563,-37.261,-64.231,-41.773,-63.927,-69.302,-41.698,-63.616,-41.073,-40.887,-0.17682,3.3944,-68.444,-53.57,24.451,22.643,-46.998,-67.679,-45.566,-45.375,-47.249,-30.874,-68.785,-46.315,-68.587,-29.734,-47.206,-73.85,3.8016,-30.81,3.8815,-30.187,-22.223,-51.643,-53.144,-51.421,-49.95,-53.259,-53.195,-52.353,-51.406,-50.228,-50.341,-52.474,-49.944,-40.727,-39.821,-40.607,-73.392,-37.626,-37.02,-36.623,-2.5657,-37.096,-1.8601,0.65814,-85.264,-54.72,-55.618,-85.002
-30.698,9.375,-59.982,-36.386,-64.607,-42.016,-64.081,-69.429,-41.944,-63.771,-41.334,-41.153,-1.3617,2.0342,-68.509,-53.527,24.239,22.468,-47.434,-67.313,-46.078,-45.896,-47.671,-31.658,-68.396,-46.788,-68.202,-30.605,-47.63,-73.263,4.1774,-27.773,4.2484,-27.147,-19.013,-51.595,-52.939,-51.396,-50.065,-53.042,-52.985,-52.232,-51.383,-50.319,-50.42,-52.341,-50.061,-40.798,-40.019,-40.695,-73.058,-36.698,-36.092,-35.693,-2.1805,-36.167,-1.5748,0.59699,-83.448,-54.159,-54.911,-83.2
-30.489,9.1422,-57.356,-37.108,-63.201,-43.618,-62.825,-69.671,-43.549,-62.541,-42.966,-42.793,-1.4045,1.8785,-68.838,-53.207,25.799,23.774,-49.539,-67.573,-48.141,-47.953,-49.784,-31.521,-68.611,-48.873,-68.425,-30.483,-49.742,-74.916,2.4885,-29.987,2.563,-29.313,-20.433,-53.57,-55.156,-53.336,-51.773,-55.277,-55.209,-54.321,-53.32,-52.069,-52.189,-54.45,-51.767,-40.831,-39.978,-40.718,-73.52,-36.895,-36.244,-35.814,-2.6466,-36.325,-1.981,0.41897,-85.337,-54.311,-55.384,-85.028
-31.329,8.6083,-56.835,-37.467,-64.587,-43.818,-62.026,-69.848,-43.747,-61.749,-43.146,-42.968,-0.44559,2.9838,-69.029,-52.554,22.603,20.829,-49.965,-66.791,-48.463,-48.261,-50.227,-31.357,-67.84,-49.251,-67.652,-30.204,-50.182,-74.663,2.4043,-29.178,2.4865,-28.492,-19.491,-54.182,-55.942,-53.919,-52.164,-56.076,-56.001,-55.018,-53.902,-52.498,-52.633,-55.16,-52.157,-41.1,-40.121,-40.971,-73.03,-36.545,-35.835,-35.366,-2.0652,-35.923,-1.2726,1.5867,-85.572,-54.269,-55.531,-85.243
-31.747,9.2907,-59.142,-37.211,-63.297,-42.65,-63.353,-68.273,-42.571,-63.01,-41.906,-41.709,-0.96342,2.564,-67.23,-51.745,24.142,22.211,-48.269,-67.094,-46.569,-46.342,-48.567,-30.554,-68.404,-47.458,-68.17,-29.323,-48.516,-72.932,3.4964,-29.753,3.5881,-28.983,-18.768,-52.757,-54.811,-52.454,-50.448,-54.969,-54.881,-53.728,-52.435,-50.828,-50.981,-53.894,-50.441,-40.447,-39.357,-40.302,-72.827,-37.858,-37.094,-36.589,-2.0118,-37.189,-1.1499,1.9481,-87.751,-54.109,-55.556,-87.302
-31.771,7.4803,-58.294,-38.11,-63.415,-44.05,-63.644,-69.122,-43.969,-63.35,-43.286,-43.084,-1.0809,2.4141,-68.208,-53.634,24.337,22.565,-49.232,-68.103,-47.605,-47.386,-49.516,-31.689,-69.145,-48.457,-68.959,-30.52,-49.467,-74.344,2.7037,-31.267,2.7782,-30.674,-22.76,-52.261,-54.031,-51.998,-50.238,-54.165,-54.09,-53.101,-51.98,-50.573,-50.708,-53.244,-50.232,-40.464,-39.538,-40.341,-73.125,-37.746,-37.215,-36.863,-2.814,-37.281,-2.1704,0.16397,-87.102,-52.038,-53.184,-86.82
-30.721,7.7346,-57.61,-36.786,-64.652,-42.918,-63.36,-70.198,-42.84,-63.048,-42.19,-41.998,-0.21855,3.1277,-69.228,-52.828,24.029,22.127,-48.862,-68.184,-47.284,-47.073,-49.139,-31.182,-69.409,-48.11,-69.189,-30.04,-49.091,-74.74,3.0539,-29.031,3.1304,-28.344,-19.335,-53.048,-54.823,-52.786,-51.044,-54.959,-54.883,-53.888,-52.769,-51.374,-51.507,-54.031,-51.038,-41.263,-40.313,-41.137,-73.232,-36.192,-35.48,-35.011,-2.6311,-35.569,-1.932,0.58004,-84.94,-53.8,-54.956,-84.542
-30.284,4.3699,-59.671,-35.871,-64.191,-41.49,-64.558,-70.14,-41.428,-64.18,-40.909,-40.755,-1.0676,2.4372,-69.047,-51.817,24.188,22.538,-46.97,-68.053,-45.89,-45.745,-47.159,-31.177,-69.441,-46.455,-69.192,-30.202,-47.126,-75.515,2.3383,-32.089,2.4194,-31.299,-20.945,-51.471,-52.493,-51.32,-50.311,-52.571,-52.527,-51.955,-51.31,-50.503,-50.58,-52.038,-50.307,-39.885,-39.186,-39.793,-73.187,-38.426,-37.599,-37.055,-2.8796,-37.702,-2.1507,0.47451,-89.556,-54.621,-55.186,-89.232
-28.296,8.1674,-59.108,-34.471,-64.657,-41.205,-64.111,-70.202,-41.139,-63.779,-40.577,-40.41,-0.31322,3.0552,-69.168,-52.923,23.731,21.832,-47.808,-68.954,-46.391,-46.201,-48.057,-31.149,-70.236,-47.132,-70.006,-30.04,-48.014,-74.958,3.4946,-28.614,3.5767,-28.019,-20.224,-52.318,-54.018,-52.067,-50.401,-54.148,-54.075,-53.122,-52.051,-50.717,-50.844,-53.26,-50.395,-41.293,-40.318,-41.164,-73.159,-37.622,-37.014,-36.613,-3.0845,-37.09,-2.3071,0.48834,-84.772,-52.421,-53.62,-84.314
-31.861,8.9688,-57.138,-37.414,-63.729,-42.915,-62.094,-68.791,-42.85,-61.823,-42.3,-42.137,-1.3676,1.7692,-67.995,-52.905,24.494,22.803,-48.39,-66.621,-47.083,-46.908,-48.618,-30.948,-67.611,-47.768,-67.434,-29.955,-48.579,-73.609,2.8497,-30.33,2.9211,-29.689,-21.245,-52.745,-54.182,-52.531,-51.107,-54.292,-54.231,-53.426,-52.518,-51.378,-51.487,-53.543,-51.102,-39.984,-39.187,-39.879,-73.057,-37.746,-37.123,-36.711,-2.267,-37.2,-1.6253,0.69185,-85.826,-54.822,-55.764,-85.552
-31.58,7.7772,-57.545,-37.138,-64.857,-42.433,-62.515,-69.942,-42.353,-62.184,-41.674,-41.473,-1.2263,2.3469,-68.9,-51.399,29.456,28.08,-47.479,-66.837,-45.801,-45.575,-47.773,-31.602,-68.099,-46.68,-67.873,-30.379,-47.722,-74.087,3.3679,-30.662,3.4517,-29.906,-20.046,-50.854,-52.79,-50.567,-48.652,-52.937,-52.855,-51.772,-50.548,-49.017,-49.163,-51.928,-48.645,-41.447,-40.413,-41.31,-72.858,-38.696,-37.928,-37.422,-2.1772,-38.024,-1.3922,1.4378,-84.853,-50.728,-52.059,-84.433
-31.611,6.7218,-56.466,-38.382,-63.82,-44.735,-62.539,-70.885,-44.671,-62.261,-44.131,-43.971,-0.32705,2.9777,-70.097,-53.114,24.905,23.06,-50.002,-67.69,-48.81,-48.65,-50.21,-31.545,-68.657,-49.435,-68.484,-30.582,-50.175,-76.641,3.3256,-29.651,3.4001,-28.975,-20.05,-52.854,-54.059,-52.674,-51.476,-54.15,-54.099,-53.425,-52.662,-51.704,-51.796,-53.523,-51.472,-39.546,-38.832,-39.452,-75.354,-37.349,-36.724,-36.312,-1.9922,-36.802,-1.3608,0.92332,-85.431,-52.446,-53.175,-85.214
-31.649,7.2285,-57.916,-37.556,-64.781,-43.457,-62.981,-70.219,-43.377,-62.688,-42.706,-42.507,-0.057817,3.3639,-69.323,-53.047,22.291,20.462,-49.421,-67.277,-47.738,-47.512,-49.716,-30.513,-68.399,-48.619,-68.198,-29.315,-49.665,-74.654,3.2982,-29.222,3.3758,-28.554,-19.754,-54.033,-56.004,-53.74,-51.794,-56.155,-56.071,-54.967,-53.721,-52.164,-52.313,-55.126,-51.787,-41.136,-40.112,-41.001,-73.408,-36.56,-35.885,-35.44,-3.0912,-35.969,-2.3633,0.26085,-85.304,-55.35,-56.719,-84.938
-29.745,7.3914,-56.988,-35.712,-64.023,-42.09,-62.243,-69.461,-42.014,-61.954,-41.375,-41.185,-0.94125,2.4437,-68.577,-52.439,22.821,21.223,-48.429,-66.817,-46.852,-46.64,-48.705,-30.088,-67.902,-47.678,-67.708,-28.945,-48.658,-74.337,1.259,-32.092,1.337,-31.425,-22.614,-52.933,-54.747,-52.663,-50.867,-54.885,-54.808,-53.793,-52.646,-51.208,-51.346,-53.94,-50.86,-39.686,-38.729,-39.559,-72.599,-38.251,-37.589,-37.153,-2.1342,-37.672,-1.4142,1.1861,-85.281,-53.539,-54.787,-84.942
-31.348,8.7498,-57.33,-37.428,-63.452,-43.184,-64.075,-70.006,-43.107,-63.761,-42.456,-42.263,-1.1723,2.4866,-69.052,-53.498,24.641,22.652,-48.705,-69.453,-47.068,-46.848,-48.991,-31.713,-70.691,-47.925,-70.469,-30.46,-48.942,-75.335,3.5087,-29.85,3.592,-29.209,-20.87,-52.715,-54.633,-52.43,-50.535,-54.779,-54.697,-53.623,-52.412,-50.895,-51.04,-53.779,-50.528,-41.569,-40.494,-41.426,-73.034,-36.856,-36.176,-35.728,-2.0034,-36.261,-1.2082,1.6504,-85.821,-53.406,-54.739,-85.401
-31.494,7.9841,-57.644,-36.932,-63.518,-42.437,-63.219,-68.657,-42.368,-62.906,-41.785,-41.611,-1.3863,1.933,-67.706,-52.631,24.617,23.002,-48.003,-67.863,-46.672,-46.493,-48.235,-30.973,-69.027,-47.37,-68.818,-29.955,-48.196,-73.35,3.6375,-31.237,3.7104,-30.554,-21.6,-52.479,-53.87,-52.272,-50.892,-53.976,-53.917,-53.139,-52.259,-51.154,-51.26,-53.251,-50.887,-39.972,-39.192,-39.869,-72.699,-38.253,-37.577,-37.132,-2.1734,-37.662,-1.5388,0.75493,-85.799,-54.796,-55.658,-85.481
-30.966,6.5455,-56.619,-37.025,-64.829,-42.986,-62.232,-69.479,-42.917,-61.944,-42.333,-42.16,-1.25,2.1925,-68.634,-52.519,22.259,20.216,-48.558,-67.033,-47.16,-46.973,-48.802,-31.542,-68.131,-47.892,-67.934,-30.453,-48.76,-73.577,3.4084,-30.036,3.4912,-29.29,-19.493,-52.364,-53.913,-52.135,-50.605,-54.031,-53.965,-53.098,-52.12,-50.896,-51.013,-53.223,-50.6,-40.657,-39.766,-40.539,-73.192,-37.658,-36.904,-36.407,-2.0401,-36.998,-1.3018,1.3568,-83.247,-52.993,-54.008,-82.934
-32.386,9.2908,-57.124,-38.703,-63.343,-44.612,-62.327,-69.035,-44.534,-62.034,-43.87,-43.674,-0.74676,2.7592,-68.146,-52.336,24.558,22.598,-50.12,-66.673,-48.452,-48.228,-50.412,-30.664,-67.794,-49.326,-67.593,-29.45,-50.362,-73.771,3.2942,-29.747,3.3764,-29.038,-19.696,-54.196,-56.153,-53.905,-51.964,-56.302,-56.219,-55.124,-53.886,-52.334,-52.482,-55.282,-51.957,-40.563,-39.527,-40.426,-72.958,-37.67,-36.952,-36.478,-2.3609,-37.041,-1.5821,1.2283,-86.223,-55.357,-56.735,-85.86
-31.231,9.2334,-56.881,-37.065,-64.788,-42.909,-62.403,-69.874,-42.828,-62.098,-42.143,-41.94,-1.0974,2.5108,-68.875,-52.128,23.794,21.718,-48.285,-67.279,-46.549,-46.316,-48.59,-31.277,-68.481,-47.457,-68.265,-30.042,-48.538,-74.242,3.8606,-30.559,3.9518,-29.759,-19.267,-50.611,-52.675,-50.306,-48.285,-52.833,-52.744,-51.587,-50.286,-48.668,-48.822,-51.754,-48.277,-41.153,-40.065,-41.009,-73.124,-38.553,-37.724,-37.178,-2.8713,-37.827,-2.0112,1.0779,-84.562,-46.697,-48.124,-84.132
-31.111,8.2267,-57.283,-37.064,-65.186,-43.274,-62.897,-70.434,-43.196,-62.623,-42.537,-42.342,0.27138,3.702,-69.592,-53.555,23.222,21.394,-49.678,-67.372,-47.976,-47.747,-49.976,-30.387,-68.457,-48.867,-68.262,-29.177,-49.925,-74.737,3.2815,-29.484,3.3609,-28.809,-19.909,-54.586,-56.632,-54.283,-52.264,-56.788,-56.7,-55.555,-54.263,-52.647,-52.802,-55.721,-52.256,-41.031,-39.979,-40.892,-72.756,-35.865,-35.179,-34.727,-2.4703,-35.265,-1.733,0.92111,-85.068,-55.566,-57.015,-84.689
-30.521,5.961,-58.594,-36.782,-64.809,-42.702,-63.338,-69.945,-42.624,-63.008,-41.965,-41.769,-1.0575,2.4525,-68.916,-52.213,25.109,23.064,-47.832,-67.401,-46.194,-45.975,-48.119,-31.305,-68.671,-47.051,-68.443,-30.104,-48.07,-73.883,2.9622,-28.804,3.0445,-28.137,-19.374,-50.499,-52.408,-50.217,-48.344,-52.555,-52.473,-51.402,-50.199,-48.699,-48.842,-51.557,-48.337,-40.398,-39.369,-40.262,-73.203,-36.617,-35.936,-35.488,-2.7104,-36.021,-1.9483,0.79135,-81.872,-48.817,-50.122,-81.447
-30.609,9.4686,-58.428,-37.069,-65.458,-42.952,-63.598,-71.553,-42.889,-63.296,-42.355,-42.196,-1.5475,1.7043,-70.699,-53.479,23.858,21.969,-48.179,-67.976,-46.969,-46.807,-48.391,-31.439,-69.042,-47.601,-68.851,-30.479,-48.355,-76.348,3.5945,-29.04,3.6707,-28.372,-19.666,-52.059,-53.348,-51.869,-50.607,-53.447,-53.392,-52.668,-51.856,-50.846,-50.942,-52.773,-50.602,-39.647,-38.893,-39.547,-73.31,-37.3,-36.677,-36.267,-1.555,-36.755,-0.90339,1.4362,-86.01,-54.023,-54.828,-85.737
-31.373,8.1912,-60.302,-37.148,-64.737,-42.561,-64.739,-69.779,-42.493,-64.4,-41.915,-41.744,-1.6905,1.3624,-68.761,-53.349,24.359,22.454,-47.831,-68.29,-46.465,-46.282,-48.07,-30.65,-69.549,-47.18,-69.323,-29.654,-48.029,-73.765,3.7913,-30.001,3.8594,-29.273,-19.778,-52.157,-53.671,-51.933,-50.446,-53.787,-53.722,-52.873,-51.918,-50.728,-50.842,-52.996,-50.441,-39.829,-39.015,-39.721,-74.729,-36.979,-36.261,-35.788,-2.2189,-36.35,-1.6139,0.55949,-84.268,-54.544,-55.531,-83.888
-30.566,7.4066,-56.689,-37.383,-63.349,-43.892,-62.676,-69.921,-43.827,-62.398,-43.285,-43.124,-1.3439,1.9033,-69.12,-53.264,23.917,22.191,-49.349,-67.943,-48.067,-47.895,-49.573,-31.863,-68.961,-48.739,-68.778,-30.87,-49.535,-75.441,3.0187,-29.387,3.096,-28.68,-19.335,-52.374,-53.768,-52.167,-50.788,-53.875,-53.815,-53.035,-52.153,-51.05,-51.156,-53.147,-50.783,-40.059,-39.268,-39.954,-73.344,-37.747,-37.068,-36.621,-2.3246,-37.153,-1.6424,0.82146,-85.128,-52.004,-52.9,-84.855
-32.272,8.0339,-58.453,-37.451,-64.184,-42.263,-63.008,-69.416,-42.198,-62.72,-41.653,-41.491,-1.2074,2.0862,-68.586,-53.226,23.451,21.8,-47.027,-66.807,-45.814,-45.651,-47.239,-30.516,-67.831,-46.45,-67.648,-29.545,-47.203,-73.936,2.9263,-28.824,2.9997,-28.129,-18.983,-51.211,-52.435,-51.029,-49.812,-52.528,-52.476,-51.792,-51.017,-50.044,-50.138,-51.891,-49.808,-39.257,-38.533,-39.161,-73.836,-36.158,-35.498,-35.062,-3.4394,-35.58,-2.8092,-0.53073,-85.709,-54.537,-55.262,-85.466
-30.106,8.1591,-58.09,-36.313,-63.96,-42.504,-63.77,-69.385,-42.43,-63.443,-41.807,-41.622,-1.6406,1.8381,-68.373,-52.736,24.578,22.651,-48.258,-68.52,-46.711,-46.504,-48.53,-31.828,-69.811,-47.521,-69.58,-30.667,-48.483,-73.933,2.6417,-30.269,2.7264,-29.541,-19.95,-51.872,-53.658,-51.608,-49.853,-53.795,-53.718,-52.717,-51.59,-50.186,-50.32,-52.861,-49.847,-41.111,-40.127,-40.981,-72.94,-36.614,-35.859,-35.362,-3.212,-35.953,-2.4451,0.30944,-83.746,-51.461,-52.66,-83.307
-30.666,6.9326,-59.171,-36.345,-64.394,-42.035,-64.26,-69.441,-41.962,-63.934,-41.349,-41.166,-0.61098,2.9822,-68.47,-53.267,25.183,23.286,-47.651,-68.473,-46.163,-45.963,-47.911,-31.438,-69.709,-46.942,-69.487,-30.269,-47.866,-73.448,2.9362,-29.985,3.0218,-29.298,-20.298,-51.864,-53.539,-51.615,-49.958,-53.667,-53.596,-52.658,-51.599,-50.273,-50.4,-52.793,-49.952,-41.565,-40.593,-41.436,-73.21,-37.788,-37.08,-36.613,-3.2963,-37.168,-2.4904,0.41256,-83.085,-53.147,-54.267,-82.714
-31.293,6.473,-58.133,-36.553,-64.63,-42.073,-62.888,-69.332,-41.988,-62.557,-41.271,-41.059,-1.1448,2.3431,-68.302,-51.625,25.268,23.218,-47.965,-67.268,-46.16,-45.918,-48.281,-30.263,-68.543,-47.104,-68.314,-29.014,-48.227,-73.66,2.9055,-30.154,2.9838,-29.357,-18.935,-52.734,-54.873,-52.417,-50.316,-55.037,-54.945,-53.746,-52.397,-50.715,-50.876,-53.919,-50.309,-40.746,-39.663,-40.602,-73.293,-38.142,-37.336,-36.806,-2.596,-37.437,-1.8736,0.71894,-86.927,-54.258,-55.748,-86.487
-30.366,6.8466,-57.72,-36.749,-64.555,-42.921,-63.894,-70.748,-42.849,-63.607,-42.237,-42.055,-1.3203,1.8091,-69.888,-54.197,24.823,22.939,-48.27,-69.001,-46.748,-46.544,-48.537,-30.879,-70.081,-47.545,-69.887,-29.794,-48.491,-75.667,3.2475,-29.018,3.3189,-28.36,-19.729,-51.193,-52.967,-50.93,-49.181,-53.103,-53.027,-52.033,-50.913,-49.513,-49.647,-52.177,-49.175,-39.508,-38.582,-39.385,-77.301,-36.916,-36.261,-35.829,-1.7466,-36.342,-1.0839,1.3006,-84.43,-49.956,-51.183,-84.093
-30.803,10.289,-57.887,-37.277,-64.157,-43.508,-63.876,-70.196,-43.441,-63.565,-42.875,-42.707,-1.6937,1.5318,-69.256,-53.387,24.842,23.644,-48.928,-68.65,-47.637,-47.463,-49.153,-31.799,-69.802,-48.313,-69.595,-30.802,-49.115,-75.114,3.4645,-29.072,3.5369,-28.381,-19.342,-52.199,-53.561,-51.996,-50.646,-53.664,-53.606,-52.845,-51.983,-50.903,-51.006,-52.955,-50.641,-40.15,-39.375,-40.047,-73.544,-35.561,-34.864,-34.405,-2.8511,-34.951,-2.2144,0.083858,-83.522,-52.419,-53.275,-83.2
-31.917,7.7498,-58.002,-37.527,-64.565,-43.171,-63.005,-69.591,-43.099,-62.725,-42.487,-42.306,-0.52709,2.7995,-68.771,-53.54,24.359,22.584,-48.671,-67.275,-47.192,-46.994,-48.929,-30.769,-68.307,-47.967,-68.122,-29.666,-48.885,-73.886,2.6639,-30.19,2.7407,-29.525,-20.778,-52.625,-54.287,-52.378,-50.735,-54.413,-54.342,-53.412,-52.362,-51.047,-51.173,-53.547,-50.729,-40.218,-39.307,-40.098,-73.107,-37.636,-36.978,-36.543,-2.6454,-37.06,-1.9359,0.62134,-83.58,-53.476,-54.585,-83.287
-31.506,9.1342,-56.977,-37.253,-63.684,-42.623,-63.021,-69.093,-42.563,-62.738,-42.051,-41.899,-1.5274,1.5765,-68.282,-53.44,23.901,22.193,-47.64,-68.034,-46.478,-46.322,-47.843,-31.306,-69.062,-47.087,-68.878,-30.367,-47.808,-73.985,4.1249,-31.306,4.1951,-30.639,-21.956,-51.576,-52.794,-51.394,-50.184,-52.886,-52.835,-52.153,-51.383,-50.415,-50.508,-52.252,-50.18,-40.227,-39.501,-40.131,-76.638,-38.337,-37.679,-37.246,-3.2143,-37.761,-2.5879,-0.33175,-84.819,-53.804,-54.571,-84.563
-31.921,9.2069,-59.094,-37.866,-64.228,-43.484,-63.832,-69.264,-43.408,-63.457,-42.765,-42.575,-0.45602,2.8155,-68.098,-51.255,23.331,21.579,-48.685,-67.967,-47.088,-46.874,-48.965,-31.165,-69.413,-47.923,-69.153,-30.004,-48.917,-73.65,3.296,-30.252,3.3727,-29.504,-19.771,-52.001,-53.853,-51.727,-49.905,-53.994,-53.915,-52.877,-51.709,-50.251,-50.39,-53.027,-49.899,-40.696,-39.701,-40.564,-73.976,-36.443,-35.668,-35.158,-1.6884,-35.765,-0.96287,1.6394,-85.744,-51.632,-52.891,-85.261
-31.047,7.5282,-57.978,-36.795,-64.615,-42.532,-63.346,-70.523,-42.464,-63.075,-41.897,-41.728,-1.2456,2.035,-69.731,-54.149,25.041,23.101,-48.039,-67.719,-46.709,-46.53,-48.271,-30.56,-68.696,-47.406,-68.521,-29.548,-48.232,-75.411,2.6754,-29.713,2.749,-29.068,-20.553,-52.182,-53.625,-51.968,-50.539,-53.735,-53.673,-52.866,-51.954,-50.811,-50.921,-52.983,-50.534,-39.312,-38.511,-39.205,-73.043,-36.737,-36.125,-35.722,-2.4487,-36.202,-1.8023,0.53249,-85.717,-53.936,-54.867,-85.456
-32.284,7.9127,-56.571,-38.324,-63.974,-44.208,-62.333,-69.823,-44.139,-62.06,-43.564,-43.393,-0.75001,2.278,-69.001,-53.14,24.53,22.822,-49.507,-67.299,-48.14,-47.956,-49.746,-31.221,-68.314,-48.855,-68.132,-30.228,-49.705,-74.777,4.2042,-29.779,4.2708,-29.17,-21.192,-52.846,-54.347,-52.624,-51.146,-54.462,-54.397,-53.557,-52.609,-51.427,-51.54,-53.678,-51.141,-39.85,-39.05,-39.744,-73.872,-38.111,-37.522,-37.135,-1.9391,-37.596,-1.355,0.74816,-84.681,-53.007,-53.97,-84.391
-32.797,7.7305,-57.412,-39.077,-65.515,-43.942,-63.378,-71.159,-43.872,-63.126,-43.284,-43.109,-1.4648,1.5488,-70.4,-54.896,23.214,21.493,-48.247,-67.45,-46.832,-46.642,-48.495,-30.345,-68.376,-47.573,-68.21,-29.333,-48.453,-74.811,4.4681,-30.299,4.5336,-29.759,-22.687,-51.897,-53.471,-51.663,-50.113,-53.592,-53.524,-52.642,-51.648,-50.407,-50.526,-52.77,-50.107,-38.99,-38.163,-38.88,-73.083,-37.251,-36.729,-36.386,-1.8648,-36.795,-1.2813,0.81969,-83.4,-54.382,-55.407,-83.129
-30.839,7.7841,-59.153,-36.199,-65.804,-41.621,-64.475,-71.24,-41.554,-64.197,-40.991,-40.824,-0.3693,3.1629,-70.491,-55.045,23.75,21.864,-47.181,-68.971,-45.863,-45.685,-47.411,-31.545,-69.968,-46.554,-69.789,-30.437,-47.372,-75.944,3.8695,-28.935,3.9549,-28.247,-19.342,-51.871,-53.295,-51.659,-50.245,-53.403,-53.343,-52.547,-51.646,-50.514,-50.623,-52.662,-50.24,-41.556,-40.667,-41.438,-73.442,-36.969,-36.282,-35.83,-2.2612,-36.368,-1.4699,1.3724,-86.918,-54.668,-55.584,-86.691
-30.177,9.9971,-57.644,-36.109,-64.296,-42.209,-62.753,-70.111,-42.131,-62.447,-41.477,-41.283,-1.6752,1.6601,-69.133,-52.36,24.96,22.98,-48.015,-67.266,-46.483,-46.278,-48.283,-30.57,-68.365,-47.286,-68.168,-29.482,-48.237,-74.977,2.5857,-31.945,2.6562,-31.313,-22.912,-51.966,-53.628,-51.72,-50.076,-53.755,-53.684,-52.754,-51.704,-50.388,-50.514,-52.889,-50.07,-39.924,-39.062,-39.81,-72.87,-38.518,-37.924,-37.532,-1.7699,-37.998,-1.1551,1.0673,-84.951,-52.63,-53.702,-84.63
-29.448,6.2188,-57.475,-35.849,-63.523,-42.56,-62.999,-69.218,-42.494,-62.655,-41.942,-41.779,-0.50533,2.7213,-68.152,-51.462,24.222,22.38,-48.735,-68.25,-47.327,-47.138,-48.981,-30.938,-69.584,-48.065,-69.344,-29.859,-48.939,-74.413,2.1165,-29.662,2.1949,-29.037,-20.956,-52.444,-54.128,-52.194,-50.53,-54.256,-54.184,-53.242,-52.178,-50.846,-50.974,-53.378,-50.524,-39.961,-39.024,-39.837,-73.199,-38.012,-37.369,-36.945,-2.4405,-37.449,-1.7002,0.96069,-85.709,-51.61,-52.813,-85.245
-32.003,7.2749,-58.708,-37.743,-63.407,-43.147,-64.071,-68.994,-43.077,-63.737,-42.488,-42.313,-0.78492,2.612,-68.014,-52.863,24.551,22.748,-48.061,-68.94,-46.561,-46.359,-48.323,-31.445,-70.188,-47.347,-69.964,-30.277,-48.278,-74.078,3.5867,-30.551,3.6651,-29.893,-21.487,-51.224,-52.994,-50.96,-49.204,-53.129,-53.053,-52.063,-50.943,-49.539,-49.673,-52.207,-49.198,-40.779,-39.777,-40.646,-73.063,-37.154,-36.472,-36.025,-2.1878,-36.557,-1.447,1.2034,-85.887,-51.054,-52.294,-85.511
-32.069,10.071,-57.541,-37.283,-64.783,-42.692,-63.922,-70.57,-42.614,-63.638,-41.957,-41.762,0.045303,3.5359,-69.706,-54.201,24.304,22.435,-48.778,-68.766,-47.171,-46.955,-49.058,-30.194,-69.841,-48.013,-69.649,-29.01,-49.01,-75.266,4.0859,-31.118,4.1626,-30.427,-21.323,-53.486,-55.312,-53.214,-51.404,-55.451,-55.373,-54.352,-53.197,-51.749,-51.887,-54.499,-51.398,-40.691,-39.713,-40.562,-72.996,-38.615,-37.937,-37.49,-2.4288,-38.022,-1.736,0.75175,-85.146,-54.015,-55.271,-84.829
-29.888,6.1973,-58.844,-35.626,-64.715,-41.677,-63.877,-69.744,-41.606,-63.54,-41.01,-40.834,-1.2081,2.154,-68.723,-52.558,25.493,23.548,-47.856,-68.282,-46.36,-46.159,-48.118,-31.054,-69.58,-47.143,-69.347,-29.888,-48.073,-74.047,2.3962,-29.197,2.4834,-28.512,-19.427,-52.565,-54.385,-52.294,-50.485,-54.524,-54.446,-53.428,-52.276,-50.829,-50.968,-53.576,-50.478,-41.074,-40.031,-40.936,-73.025,-36.248,-35.492,-34.993,-1.7513,-35.587,-0.8696,2.3131,-84.856,-53.238,-54.628,-84.392
-30.453,6.4261,-58.815,-36.176,-65.013,-42.222,-63.885,-70.647,-42.147,-63.571,-41.51,-41.322,-0.51563,2.7395,-69.718,-53.375,24.571,22.99,-48.437,-68.003,-46.858,-46.647,-48.714,-31.166,-69.189,-47.684,-68.976,-30.033,-48.667,-75.285,3.862,-30.278,3.9363,-29.578,-20.445,-53.295,-55.131,-53.024,-51.223,-55.272,-55.193,-54.164,-53.006,-51.564,-51.702,-54.313,-51.216,-41.546,-40.577,-41.418,-73.319,-36.062,-35.361,-34.899,-2.4593,-35.448,-1.7708,0.70271,-85.821,-54.896,-56.142,-85.452
-30.896,9.268,-57.063,-37.187,-64.615,-43.131,-62.796,-70.294,-43.07,-62.551,-42.554,-42.401,-2.2275,0.80233,-69.574,-54.423,23.774,22.076,-48.585,-67.7,-47.325,-47.155,-48.805,-31.35,-68.611,-47.985,-68.447,-30.386,-48.767,-75.127,3.2984,-30.503,3.3692,-29.886,-21.728,-52.637,-54.077,-52.423,-50.993,-54.186,-54.125,-53.32,-52.409,-51.265,-51.375,-53.437,-50.988,-40.018,-39.221,-39.913,-59.287,-38.125,-37.512,-37.108,-1.865,-37.589,-1.2106,1.1537,-85.204,-54.226,-55.22,-84.932
-32.683,10.062,-58.434,-38.727,-65.392,-43.621,-65.165,-72.27,-43.556,-64.901,-43,-42.834,-1.477,1.9733,-71.49,-56.072,24.084,22.392,-48.045,-69.846,-46.79,-46.62,-48.264,-30.806,-70.793,-47.448,-70.623,-29.813,-48.226,-77.246,3.9972,-30.917,4.0692,-30.26,-21.485,-51.831,-53.112,-51.639,-50.358,-53.21,-53.155,-52.44,-51.627,-50.603,-50.701,-52.543,-50.353,-39.327,-38.597,-39.231,-72.883,-37.36,-36.76,-36.363,-2.8608,-36.835,-2.2692,-0.11985,-85.43,-54.752,-55.534,-85.19
-30.061,6.5728,-58.043,-36.054,-63.655,-41.996,-63.033,-69.246,-41.918,-62.695,-41.262,-41.068,-1.5888,1.7945,-68.236,-51.644,25.094,23.61,-47.533,-67.301,-45.86,-45.636,-47.827,-31.364,-68.603,-46.735,-68.369,-30.152,-47.777,-74.06,3.1353,-30.592,3.2141,-29.855,-20.188,-50.895,-52.901,-50.598,-48.628,-53.054,-52.968,-51.844,-50.579,-49.002,-49.153,-52.006,-48.621,-40.569,-39.501,-40.427,-73.208,-37.126,-36.37,-35.872,-1.5496,-36.464,-0.79678,1.9058,-85.373,-49.77,-51.182,-84.942
-31.555,7.3802,-58.462,-36.77,-65.751,-41.873,-63.276,-70.421,-41.799,-62.995,-41.178,-40.994,-1.4239,2.2283,-69.539,-53.55,24.845,23.109,-47.046,-67.15,-45.578,-45.379,-47.302,-30.857,-68.164,-46.349,-67.983,-29.715,-47.258,-74.133,3.6342,-31.27,3.727,-30.51,-20.328,-51.212,-52.827,-50.97,-49.346,-52.949,-52.881,-51.98,-50.955,-49.657,-49.782,-52.111,-49.34,-40.585,-39.669,-40.464,-73.299,-38.52,-37.763,-37.262,-1.6081,-37.857,-0.73026,2.4507,-83.698,-52.973,-54.09,-83.403
-30.199,2.1484,-58.417,-36.297,-65,-42.352,-63.652,-70.045,-42.278,-63.323,-41.658,-41.475,-1.3658,2.095,-68.967,-52.5,24.461,22.876,-47.974,-68.037,-46.426,-46.219,-48.247,-31.625,-69.322,-47.235,-69.091,-30.452,-48.2,-74.01,2.7911,-29.814,2.8765,-29.232,-21.543,-51.486,-53.311,-51.217,-49.435,-53.451,-53.373,-52.348,-51.199,-49.772,-49.908,-52.496,-49.429,-40.845,-39.819,-40.709,-73.075,-37.292,-36.69,-36.293,-1.7584,-36.765,-0.94684,1.9727,-82.872,-50.893,-52.138,-82.398
-29.924,8.0106,-60.296,-34.702,-64.828,-40.451,-65.193,-69.402,-40.414,-64.783,-40.095,-40.001,-1.3703,1.8922,-68.147,-51.339,24.405,22.725,-46.471,-68.988,-45.883,-45.804,-46.574,-31.914,-70.58,-46.191,-70.294,-31.203,-46.556,-73.393,3.6506,-28.936,3.7372,-28.257,-19.313,-51.673,-52.118,-51.607,-51.165,-52.152,-52.133,-51.884,-51.603,-51.249,-51.283,-51.92,-51.164,-40.63,-40.161,-40.568,-72.765,-38.071,-37.313,-36.814,-1.8898,-37.408,-1.1316,1.5991,-85.001,-55.728,-55.877,-84.582
-31.379,9.4699,-58.596,-37.568,-64.307,-43.088,-64.092,-70.307,-43.005,-63.795,-42.307,-42.1,-0.095076,3.5101,-69.422,-53.944,24.219,22.272,-48.127,-68.622,-46.399,-46.166,-48.429,-29.872,-69.725,-47.304,-69.527,-28.604,-48.378,-75.516,2.7372,-30.081,2.8214,-29.364,-19.893,-51.661,-53.637,-51.367,-49.406,-53.787,-53.703,-52.598,-51.348,-49.78,-49.93,-52.758,-49.399,-39.452,-38.39,-39.311,-72.756,-38.017,-37.314,-36.85,-3.4441,-37.401,-2.6523,0.2029,-87.379,-52.297,-53.641,-87.061
-30.969,10.757,-57.897,-36.696,-65.367,-42.251,-63.279,-70.761,-42.179,-62.984,-41.57,-41.389,-0.59017,2.744,-69.86,-53.368,24.021,22.421,-47.617,-67.76,-46.069,-45.86,-47.887,-30.271,-68.879,-46.88,-68.678,-29.125,-47.84,-75.106,3.5614,-28.378,3.6392,-27.778,-20.026,-51.447,-53.29,-51.173,-49.343,-53.431,-53.352,-52.322,-51.155,-49.691,-49.832,-52.471,-49.336,-39.819,-38.833,-39.689,-73.029,-36.253,-35.642,-35.241,-2.5373,-35.718,-1.8004,0.85218,-85.186,-51.773,-53.1,-84.813
-33.413,6.826,-58.554,-38.015,-64.96,-41.702,-64.29,-71.121,-41.632,-64.02,-41.041,-40.865,-0.46543,3.1213,-70.304,-54.843,23.099,21.568,-45.871,-68.455,-44.532,-44.351,-46.102,-29.03,-69.399,-45.236,-69.231,-27.963,-46.063,-75.738,3.999,-30.25,4.0747,-29.597,-20.779,-50.23,-51.611,-50.023,-48.623,-51.715,-51.657,-50.888,-50.009,-48.892,-49,-51,-48.618,-38.186,-37.399,-38.082,-72.972,-38.13,-37.544,-37.157,-2.7817,-37.618,-2.1316,0.24013,-86.428,-53.307,-54.217,-86.186
-32.368,9.6618,-57.982,-37.018,-65.113,-41.349,-63.731,-70.368,-41.291,-63.456,-40.796,-40.649,-0.85342,2.5439,-69.568,-54.229,24.043,22.542,-45.998,-67.574,-44.924,-44.779,-46.184,-29.945,-68.558,-45.488,-68.382,-29.022,-46.153,-74.187,3.8684,-31.198,3.9446,-30.489,-21.098,-50.498,-51.551,-50.34,-49.277,-51.63,-51.586,-50.999,-50.33,-49.481,-49.563,-51.085,-49.273,-39.087,-38.429,-39,-72.259,-37.244,-36.556,-36.102,-2.8517,-36.642,-2.2035,0.15436,-82.449,-54.201,-54.835,-82.215
-30.897,8.4138,-59.476,-37.372,-63.225,-43.603,-64.347,-68.663,-43.512,-64.011,-42.747,-42.52,-0.39066,2.89,-67.621,-52.873,23.038,21.042,-49.159,-68.941,-47.183,-46.918,-49.505,-31.1,-70.214,-48.217,-69.986,-29.77,-49.446,-73.845,2.488,-30.064,2.5671,-29.294,-19.167,-51.851,-54.252,-51.496,-49.134,-54.436,-54.333,-52.988,-51.473,-49.582,-49.763,-53.182,-49.125,-40.829,-39.631,-40.67,-73.147,-37.72,-36.935,-36.418,-2.9567,-37.033,-2.1755,0.61711,-86.957,-48.726,-50.452,-86.532
-30.206,5.261,-58.393,-35.709,-64.163,-41.376,-63.316,-69.268,-41.306,-62.959,-40.709,-40.533,-0.88944,2.1731,-68.169,-51.272,23.014,21.254,-47.03,-67.628,-45.551,-45.354,-47.291,-30.705,-69.015,-46.324,-68.766,-29.632,-47.246,-73.665,3.0134,-31.55,3.0939,-30.769,-20.458,-51.148,-52.879,-50.894,-49.213,-53.012,-52.937,-51.965,-50.877,-49.531,-49.659,-52.105,-49.207,-40.437,-39.498,-40.312,-73.458,-37.916,-37.113,-36.583,-1.9361,-37.213,-1.1858,1.4965,-85.187,-51.891,-53.046,-84.714
-30.564,7.5523,-56.802,-36.266,-64.265,-41.793,-62.433,-69.157,-41.701,-62.116,-40.936,-40.711,-1.8703,1.8466,-67.893,-51.845,25.505,23.57,-46.842,-67.794,-45.009,-44.768,-47.168,-31.904,-69.007,-45.962,-68.789,-30.728,-47.112,-73.219,3.442,-30.766,3.5356,-29.873,-18.143,-49.619,-51.718,-49.313,-47.314,-51.882,-51.79,-50.605,-49.293,-47.689,-47.841,-50.775,-47.307,-41.727,-40.684,-41.589,-73.177,-39.212,-38.3,-37.699,-2.6026,-38.414,-1.7309,1.3684,-83.778,-48.232,-49.567,-83.3
-29.414,6.7858,-59.219,-35.218,-64.554,-41.299,-64.074,-69.468,-41.239,-63.694,-40.74,-40.592,-0.43752,2.8408,-68.248,-51.258,25.103,23.167,-47.258,-68.301,-46.065,-45.906,-47.469,-31.828,-69.785,-46.687,-69.518,-30.821,-47.433,-73.256,3.9011,-29.371,3.9899,-28.801,-21.256,-51.704,-53.047,-51.507,-50.21,-53.151,-53.093,-52.337,-51.494,-50.455,-50.554,-52.446,-50.206,-41.602,-40.741,-41.487,-73.844,-37.028,-36.432,-36.039,-2.3169,-36.507,-1.4808,1.5206,-82.318,-53.303,-54.151,-81.811
-32.818,8.4188,-57.572,-37.947,-64.751,-43.348,-62.931,-69.875,-43.27,-62.644,-42.613,-42.418,-0.70904,2.6871,-68.997,-53.236,23.632,21.731,-49.125,-67.378,-47.473,-47.251,-49.414,-30.62,-68.49,-48.338,-68.291,-29.442,-49.365,-74.288,2.7903,-30.586,2.8678,-29.93,-21.32,-53.898,-55.83,-53.612,-51.707,-55.978,-55.895,-54.813,-53.593,-52.069,-52.214,-54.969,-51.7,-40.798,-39.793,-40.665,-72.963,-37.609,-36.951,-36.517,-2.4746,-37.033,-1.76,0.81453,-85.953,-55.787,-57.117,-85.586
-29.682,9.1212,-56.528,-35.063,-62.93,-40.938,-62.079,-68.643,-40.876,-61.808,-40.351,-40.195,-0.31406,2.7564,-67.84,-52.82,23.717,22.039,-47.155,-67.069,-45.856,-45.681,-47.381,-30.253,-68.098,-46.537,-67.914,-29.25,-47.342,-73.83,3.4331,-29.535,3.5012,-28.897,-20.458,-52.4,-53.908,-52.175,-50.674,-54.022,-53.958,-53.116,-52.161,-50.96,-51.075,-53.238,-50.668,-40.375,-39.532,-40.264,-72.738,-35.339,-34.691,-34.263,-1.7582,-34.771,-1.1173,1.1992,-85.993,-54.923,-55.991,-85.669
-31.586,7.4327,-59.879,-37.819,-64.955,-43.724,-64.319,-70.155,-43.645,-63.951,-42.973,-42.774,-0.72815,2.7548,-69.062,-51.936,24.106,22.515,-49.166,-68.102,-47.47,-47.242,-49.464,-30.944,-69.522,-48.357,-69.267,-29.72,-49.413,-74.354,3.546,-29.391,3.629,-28.541,-17.419,-52.524,-54.537,-52.227,-50.254,-54.691,-54.605,-53.476,-52.208,-50.628,-50.779,-53.639,-50.247,-40.506,-39.437,-40.364,-73.233,-38.054,-37.19,-36.62,-2.465,-37.297,-1.6852,1.1157,-84.894,-51.646,-53.04,-84.429
-29.436,8.3502,-57.587,-36.174,-62.675,-43.011,-63.18,-68.513,-42.93,-62.88,-42.239,-42.034,-1.2799,2.2747,-67.583,-53.155,24.77,22.8,-48.958,-68.131,-47.171,-46.931,-49.271,-31.623,-69.267,-48.106,-69.063,-30.356,-49.218,-73.126,2.9426,-29.27,3.0246,-28.69,-21.172,-51.522,-53.699,-51.2,-49.059,-53.866,-53.773,-52.553,-51.179,-49.465,-49.629,-52.729,-49.051,-40.878,-39.758,-40.73,-72.87,-37.389,-36.804,-36.42,-1.9061,-36.877,-1.1355,1.6316,-80.225,-47.685,-49.246,-79.839
-31.316,7.9794,-58.303,-36.806,-64.593,-42.442,-63.112,-69.736,-42.369,-62.831,-41.758,-41.577,-0.0257,3.3911,-68.916,-53.526,23.823,22.209,-48.328,-67.315,-46.813,-46.609,-48.592,-30.158,-68.372,-47.607,-68.182,-29.01,-48.547,-74.32,3.2272,-29.464,3.3083,-28.756,-19.466,-53.239,-54.992,-52.978,-51.238,-55.126,-55.051,-54.071,-52.961,-51.569,-51.703,-54.213,-51.231,-40.373,-39.406,-40.245,-73.018,-37.494,-36.781,-36.31,-2.9752,-36.87,-2.2103,0.54478,-86.462,-55.496,-56.72,-86.147
-31.442,6.6426,-57.309,-37.576,-64.609,-43.532,-62.946,-70.691,-43.467,-62.666,-42.917,-42.754,-0.69586,2.6271,-69.895,-53.447,24.857,23.069,-48.688,-67.917,-47.367,-47.19,-48.919,-31.162,-68.952,-48.059,-68.766,-30.121,-48.879,-75.74,2.8538,-28.774,2.933,-28.073,-18.869,-51.662,-53.143,-51.442,-49.975,-53.256,-53.193,-52.364,-51.428,-50.254,-50.367,-52.484,-49.97,-39.58,-38.728,-39.468,-67.922,-36.913,-36.211,-35.748,-2.3844,-36.298,-1.6516,0.9898,-84.884,-51.201,-52.196,-84.594
,,,,,,,,,,,,,,,,,,,,,,,,,,,,,,,,,,,,,,,,,,,,,,,,,,,,,,,,,,,,,
-30.97587,7.859884,-57.93858,-36.83116,-64.33605,-42.62018,-63.31604,-69.85183,-42.54803,-63.01249,-41.93954,-41.75914,-1.0248117,2.3209038,-68.93001,-53.03994,24.16942,22.36192,-48.19289,-67.85982,-46.71523,-46.51694,-48.45154,-30.95543,-69.0024,-47.48884,-68.79751,-29.85316,-48.40722,-74.48813,3.171041,-29.97507,3.248788,-29.29001,-20.28788,-52.19319,-53.86802,-51.94492,-50.29272,-53.99594,-53.92439,-52.98645,-51.92875,-50.60663,-50.73311,-53.12202,-50.28672,-40.37948,-39.46413,-40.25822,-73.07825,-37.37398,-36.68857,-36.23676,-2.360767,-36.77404,-1.6488732,0.91411603,-85.03633,-53.04973,-54.17483,-84.68536
0.975009139,1.388129087,0.939864413,0.883810057,0.675110771,0.85677941,0.727255807,0.734724164,0.854593417,0.711885397,0.838908242,0.835281311,0.543518028,0.594839641,0.788038769,0.93549168,1.037528105,1.043866595,0.878245437,0.68857765,0.820490268,0.81656964,0.893237223,0.56454677,0.738159423,0.844564268,0.727338756,0.579605904,0.890580364,0.875102968,0.614146909,0.960636439,0.614127229,0.948986269,1.177313156,0.910442846,1.022032645,0.901759197,0.901692338,1.033934095,1.027210373,0.952358183,0.901261612,0.893968529,0.891867657,0.961553898,0.90183678,0.748212773,0.6861387,0.739031862,1.654591947,0.928141741,0.909773868,0.900856922,0.603149733,0.911786258,0.617896628,0.736470398,1.390996083,1.890718306,1.800137313,1.400572895