12.331,5.4508,-50.343,-58.067,-35.545,-63.233,-67.624,-63.464,-41.423,-63.148,-40.831,-40.655,-69.393,-0.77334,2.4952,22.684,22.923,21.041,-47.825,-68.215,-46.314,-46.111,-69.134,-48.089,-69.433,-47.104,-31.932,-53.344,-48.044,-74.623,-30.282,2.2655,-30.871,-30.286,2.8841,-52.994,-52.726,-50.945,-54.942,-53.835,-54.865,-53.85,-51.876,-51.283,-51.419,-53.997,-52.863,-50.939,-41.552,-41.423,-82.721,-37.724,-37.341,-36.949,-3.3337,-37.416,-2.4751,-1.312,-0.087377,-84.714,-55.527,-56.111
13.116,5.461,-51.402,-58.325,-38.023,-63.947,-68.279,-63.195,-43.294,-62.922,-42.693,-42.514,-69.729,-0.809,2.5715,23.928,24.19,22.125,-48.453,-67.03,-47.008,-46.814,-67.793,-48.705,-68.04,-47.764,-32.074,-52.89,-48.662,-73.984,-30.474,3.3535,-30.704,-30.087,3.9733,-52.098,-51.858,-50.263,-53.836,-52.849,-53.767,-52.863,-51.098,-50.566,-50.688,-52.994,-51.981,-50.257,-40.526,-40.408,-73.744,-37.769,-37.378,-36.977,-2.8908,-37.454,-2.0588,-0.92946,0.26231,-81.071,-53.529,-54.018
13.069,5.6349,-49.947,-57.211,-37.681,-63.345,-67.908,-63.508,-42.999,-63.206,-42.325,-42.125,-69.583,-1.6539,1.8156,24.323,24.588,22.504,-48.068,-67.83,-46.435,-46.216,-68.702,-48.354,-68.985,-47.29,-31.98,-54.166,-48.305,-73.844,-30.274,3.4527,-32.265,-31.618,4.0298,-51.84,-51.575,-49.811,-53.766,-52.672,-53.69,-52.688,-50.734,-50.146,-50.281,-52.832,-51.711,-49.805,-40.284,-40.162,-73.387,-38.249,-37.857,-37.454,-1.95,-37.933,-1.234,-0.2624,0.76264,-80.6,-53.903,-54.42
14.484,6.8311,-49.918,-57.787,-36.322,-62.89,-67.468,-63.061,-42.261,-62.74,-41.55,-41.339,-69.248,-1.7059,1.8754,24.227,24.542,22.068,-48.374,-67.895,-46.572,-46.33,-68.836,-48.69,-69.141,-47.514,-32.101,-53.929,-48.636,-74.792,-30.229,2.4724,-31.369,-30.607,3.1594,-52.633,-52.315,-50.204,-54.953,-53.634,-54.861,-53.652,-51.307,-50.604,-50.765,-53.827,-52.478,-50.196,-41.166,-41.019,-72.771,-38.939,-38.435,-37.918,-2.0528,-38.533,-1.1032,0.17998,1.5268,-86.169,-53.487,-54.177
12.41,4.4512,-50.313,-58.302,-36.278,-63.697,-68.065,-63.336,-42.266,-63.01,-41.72,-41.559,-69.83,-2.5551,0.56848,25.247,25.499,23.519,-48.138,-67.457,-46.805,-46.626,-68.406,-48.372,-68.714,-47.503,-32.634,-52.107,-48.332,-74.651,-31.153,2.5694,-30.057,-29.347,3.169,-52.282,-52.056,-50.553,-53.927,-52.993,-53.862,-53.006,-51.339,-50.838,-50.953,-53.129,-52.172,-50.547,-40.779,-40.668,-72.717,-36.471,-36.001,-35.519,-2.3698,-36.092,-1.5591,-0.46061,0.69614,-82.534,-53.718,-54.189
11.825,4.3357,-50.618,-57.201,-36.798,-64.714,-69.469,-62.354,-42.52,-62.096,-42.04,-41.897,-70.808,-0.8857,1.939,24.857,25.115,23.092,-48.398,-66.933,-47.267,-47.115,-67.646,-48.597,-67.877,-47.859,-32.078,-51.629,-48.563,-75.736,-30.799,4.0552,-29.488,-28.888,4.5678,-53.12,-52.936,-51.713,-54.455,-53.697,-54.402,-53.707,-52.353,-51.945,-52.039,-53.808,-53.03,-51.709,-41.142,-41.05,-76.362,-36.088,-35.713,-35.328,-2.4849,-35.786,-1.8141,-0.90391,0.05614,-84.204,-55.985,-56.35
13.751,5.7866,-50.385,-58.199,-35.525,-64.028,-68.434,-63.411,-41.737,-63.091,-41.152,-40.979,-70.198,-1.7766,1.6293,23.512,23.774,21.709,-48.07,-67.916,-46.613,-46.417,-68.85,-48.325,-69.154,-47.375,-32.681,-52.083,-48.282,-75.271,-31.032,2.1206,-29.174,-28.544,2.7895,-52.762,-52.508,-50.817,-54.61,-53.56,-54.537,-53.575,-51.701,-51.138,-51.267,-53.714,-52.638,-50.811,-41.546,-41.418,-73.229,-36.451,-36.024,-35.586,-2.5456,-36.107,-1.6033,-0.3259,1.0201,-84.354,-54.516,-55.066
16.323,7.6705,-50.854,-58.353,-37.67,-63.394,-68.125,-63.14,-43.742,-62.857,-43.143,-42.966,-69.643,-1.763,1.7797,24.613,24.85,22.991,-48.804,-67.157,-47.459,-47.277,-67.906,-49.038,-68.149,-48.165,-33.116,-52.657,-48.998,-74.501,-31.557,3.0943,-28.446,-27.793,3.7097,-51.961,-51.757,-50.39,-53.422,-52.596,-53.365,-52.607,-51.108,-50.652,-50.757,-52.717,-51.861,-50.385,-40.833,-40.73,-72.787,-38.179,-37.789,-37.388,-5.2258,-37.865,-4.4636,-3.4242,-2.3213,-83.629,-53.959,-54.332
14.138,6.4025,-50.1,-56.923,-35.939,-62.933,-67.76,-62.756,-41.779,-62.487,-41.225,-41.06,-69.149,-1.0047,2.4801,24.593,24.877,22.638,-47.563,-68.205,-46.17,-45.982,-68.977,-47.805,-69.227,-46.902,-32.85,-53.56,-47.764,-74.649,-31.168,3.1025,-30.008,-29.34,3.7697,-51.533,-51.287,-49.632,-53.305,-52.303,-53.235,-52.317,-50.501,-49.948,-50.075,-52.45,-51.413,-49.626,-41.672,-41.544,-72.907,-38.13,-37.67,-37.198,-1.8021,-37.76,-0.82903,0.48964,1.8785,-85.034,-52.267,-52.822
12.418,5.4082,-50.278,-57.858,-36.868,-62.618,-67.595,-63.399,-42.885,-63.089,-42.277,-42.096,-69.268,-1.1988,2.0996,21.429,21.691,19.632,-48.899,-68.201,-47.4,-47.199,-69.095,-49.161,-69.385,-48.185,-32.494,-53.388,-49.116,-74.907,-30.862,3.8531,-30.964,-30.307,4.4408,-53.153,-52.898,-51.2,-55.004,-53.953,-54.931,-53.968,-52.089,-51.522,-51.653,-54.107,-53.028,-51.193,-41.146,-41.024,-74.024,-37.829,-37.406,-36.971,-1.1969,-37.488,-0.40257,0.67357,1.8067,-85.179,-54.61,-55.145
13.129,6.0582,-48.682,-55.93,-36.567,-61.069,-67.3,-61.647,-42.63,-61.378,-42.14,-41.994,-68.735,-2.8043,0.3746,21.102,21.37,19.253,-48.427,-66.193,-47.41,-47.273,-66.864,-48.604,-67.081,-47.943,-32.68,-52.698,-48.574,-74.803,-31.477,4.0436,-31.533,-30.959,4.5374,-53.018,-52.872,-51.902,-54.067,-53.472,-54.025,-53.48,-52.411,-52.087,-52.161,-53.559,-52.947,-51.898,-40.296,-40.221,-72.255,-37.847,-37.537,-37.218,-0.52603,-37.597,0.053401,0.84291,1.6799,-83.722,-56.37,-56.63
14.892,6.345,-49.713,-57.684,-36.377,-64.27,-68.711,-62.742,-42.298,-62.421,-41.678,-41.494,-70.468,-1.3893,1.804,24.492,24.77,22.587,-48.356,-67.386,-46.819,-46.613,-68.311,-48.626,-68.612,-47.623,-32.266,-51.299,-48.58,-75.784,-30.598,2.9479,-28.89,-28.214,3.5789,-52.763,-52.494,-50.706,-54.722,-53.609,-54.644,-53.624,-51.641,-51.045,-51.182,-53.771,-52.632,-50.7,-41.224,-41.093,-73.134,-36.142,-35.679,-35.205,-1.697,-35.769,-0.7938,0.42712,1.7093,-86.393,-54.142,-54.729
9.4868,3.7868,-50.967,-57.423,-36.314,-64.17,-68.14,-62.597,-41.762,-62.326,-41.118,-40.926,-69.646,-0.0016386,3.6686,21.557,21.832,19.672,-48.442,-66.457,-46.775,-46.551,-67.27,-48.733,-67.533,-47.649,-30.892,-52.397,-48.683,-74.142,-29.083,2.888,-30.829,-30.13,3.5926,-53.895,-53.595,-51.595,-56.062,-54.833,-55.977,-54.85,-52.643,-51.976,-52.129,-55.013,-53.748,-51.588,-40.8,-40.66,-73.043,-37.433,-36.971,-36.495,-2.4934,-37.061,-1.5153,-0.18785,1.2125,-84.942,-55.68,-56.35
12.48,5.2695,-50.692,-59.699,-35.9,-63.163,-67.401,-64.37,-41.593,-63.998,-40.947,-40.756,-69.458,-1.0484,2.4398,23.996,24.241,22.318,-47.599,-68.373,-45.969,-45.751,-69.47,-47.885,-69.826,-46.822,-32.011,-52.735,-47.836,-74.549,-30.241,3.3976,-31.036,-30.268,4.0496,-52.296,-52.01,-50.106,-54.377,-53.195,-54.294,-53.211,-51.102,-50.467,-50.613,-53.368,-52.156,-50.099,-41.376,-41.239,-73.349,-38.761,-38.249,-37.724,-2.7403,-38.349,-1.8316,-0.60106,0.69376,-85.143,-54.503,-55.122
14.541,6.7451,-51.173,-58.543,-36.668,-63.45,-68.433,-63.109,-41.889,-62.836,-41.37,-41.216,-69.82,-1.1031,2.2285,24.217,24.446,22.644,-47.281,-66.989,-46.188,-46.041,-67.685,-47.472,-67.911,-46.761,-31.547,-52.955,-47.439,-75.001,-30.213,2.6095,-30.181,-29.55,3.1819,-52.065,-51.911,-50.881,-53.174,-52.546,-53.13,-52.554,-51.421,-51.078,-51.157,-52.638,-51.99,-50.877,-39.76,-39.677,-79.351,-38.004,-37.638,-37.263,-4.1774,-37.709,-3.4868,-2.547,-1.5523,-84.897,-56.17,-56.434
13.285,5.3237,-49.963,-56.507,-35.918,-62.713,-67.882,-61.716,-41.736,-61.467,-41.215,-41.061,-69.192,-1.9899,1.0896,23.096,23.341,21.411,-47.599,-66.697,-46.361,-46.195,-67.379,-47.815,-67.601,-47.009,-32.274,-51.87,-47.778,-74.998,-30.89,3.4097,-28.535,-27.956,3.9588,-51.893,-51.688,-50.322,-53.378,-52.535,-53.319,-52.547,-51.037,-50.582,-50.686,-52.659,-51.793,-50.317,-40.337,-40.237,-73.177,-36.013,-35.656,-35.288,-1.9862,-35.725,-1.2657,-0.2868,0.74757,-85.377,-53.648,-54.07
12.677,5.6246,-50.462,-58.931,-36.543,-62.915,-66.941,-63.681,-42.437,-63.334,-41.792,-41.6,-68.834,-1.1343,2.1587,23.12,23.379,21.336,-48.656,-67.917,-47.022,-46.803,-68.928,-48.942,-69.256,-47.877,-32.004,-53.144,-48.893,-73.934,-30.285,3.0408,-31.381,-30.663,3.6289,-53.431,-53.144,-51.24,-55.515,-54.331,-55.432,-54.347,-52.236,-51.602,-51.747,-54.504,-53.291,-51.233,-41.319,-41.186,-73.558,-37.818,-37.352,-36.873,-1.2856,-37.442,-0.48106,0.6079,1.7532,-84.748,-55.491,-56.106
16.444,8.3303,-51.128,-59.229,-36.703,-63.767,-69.151,-64.068,-42.37,-63.784,-41.924,-41.791,-70.617,-1.5773,1.6654,23.548,23.747,22.18,-47.932,-68.669,-47.083,-46.967,-69.368,-48.078,-69.594,-47.531,-33.365,-53.995,-48.053,-76.416,-32.142,2.9292,-29.67,-29.033,3.466,-51.976,-51.87,-51.14,-52.718,-52.303,-52.69,-52.309,-51.527,-51.282,-51.339,-52.365,-51.925,-51.137,-41.052,-40.982,-73.884,-37.28,-36.883,-36.476,-2.9944,-36.96,-2.2856,-1.3195,-0.29504,-85.349,-54.053,-54.223
12.261,5.1203,-50.199,-58.297,-36.869,-63.887,-68.95,-63.656,-42.55,-63.328,-41.974,-41.803,-70.717,-1.4454,2.0127,23.868,24.112,22.186,-47.926,-67.882,-46.558,-46.374,-68.817,-48.165,-69.121,-47.274,-33.005,-51.786,-48.124,-75.94,-31.418,3.5717,-29.528,-28.848,4.2222,-51.499,-51.275,-49.787,-53.121,-52.2,-53.056,-52.213,-50.566,-50.07,-50.184,-52.335,-51.389,-49.781,-41.184,-41.069,-75.874,-35.315,-34.874,-34.421,-1.8786,-34.959,-1.0061,0.17695,1.424,-84.436,-52.62,-53.069
13.326,6.0615,-50.599,-58.06,-36.867,-63.928,-68.842,-63.827,-42.579,-63.518,-41.955,-41.77,-70.521,-0.93073,2.4529,21.406,21.671,19.581,-48.304,-68.49,-46.789,-46.586,-69.392,-48.57,-69.686,-47.582,-32.411,-52.932,-48.524,-75.616,-30.747,3.1187,-29.235,-28.563,3.7435,-52.395,-52.143,-50.462,-54.234,-53.189,-54.161,-53.204,-51.341,-50.781,-50.91,-53.342,-52.272,-50.456,-41.324,-41.2,-74.195,-35.898,-35.45,-34.991,-2.3518,-35.537,-1.4977,-0.34092,0.87687,-83.935,-53.973,-54.487
13.781,6.2868,-49.941,-57.003,-36.807,-63.019,-68.597,-62.639,-42.955,-62.363,-42.391,-42.224,-70.051,-1.3796,1.8851,23.681,23.942,21.892,-48.672,-67.436,-47.33,-47.149,-68.201,-48.907,-68.45,-48.033,-32.033,-52.689,-48.867,-75.656,-30.534,2.5587,-29.852,-29.206,3.1489,-52.423,-52.201,-50.726,-54.026,-53.116,-53.963,-53.129,-51.499,-51.007,-51.12,-53.25,-52.314,-50.721,-40.025,-39.917,-72.948,-37.012,-36.607,-36.192,-2.6827,-36.686,-1.8998,-0.83679,0.28556,-83.796,-53.523,-53.974
9.7734,2.1424,-51.8,-61.707,-36.35,-63.062,-66.844,-66.547,-41.436,-66.128,-41.127,-41.035,-69.013,-0.86094,2.2494,24.797,25.048,23.082,-46.75,-70.259,-46.063,-45.97,-71.499,-46.869,-71.902,-46.425,-31.381,-55.061,-46.849,-73.433,-30.274,3.4142,-30.549,-29.637,4.1134,-51.669,-51.563,-50.85,-52.423,-51.997,-52.393,-52.003,-51.225,-50.987,-51.042,-52.06,-51.617,-50.847,-39.419,-39.343,-73.295,-38.556,-37.91,-37.247,-2.3721,-38.035,-1.4272,-0.14166,1.2189,-82.072,-55.992,-56.199
14.48,6.9238,-50.996,-58.331,-37.981,-64.34,-70.086,-64.463,-43.551,-64.181,-42.986,-42.818,-71.567,-1.4263,1.8196,22.638,22.89,20.902,-48.475,-68.593,-47.225,-47.057,-69.348,-48.694,-69.593,-47.879,-32.474,-54.387,-48.656,-76.472,-31.054,3.3075,-30.996,-30.355,3.8671,-52.022,-51.834,-50.58,-53.39,-52.613,-53.336,-52.624,-51.236,-50.818,-50.914,-52.727,-51.93,-50.576,-40.234,-40.139,-72.793,-37.765,-37.387,-36.998,-4.2919,-37.46,-3.5955,-2.6512,-1.6558,-83.056,-54.356,-54.703
11.774,4.2052,-49.759,-57.019,-37.208,-63.781,-69.365,-63.723,-42.324,-63.423,-41.743,-41.571,-70.982,-1.7932,1.4918,23.817,24.078,22.025,-47.442,-68.927,-46.054,-45.868,-69.802,-47.686,-70.087,-46.78,-32.489,-53.342,-47.644,-76.421,-30.932,3.717,-30.583,-29.913,4.3301,-51.34,-51.113,-49.608,-52.989,-52.051,-52.923,-52.064,-50.395,-49.893,-50.008,-52.188,-51.229,-49.602,-40.997,-40.884,-73.364,-36.398,-35.955,-35.5,-2.5282,-36.041,-1.7138,-0.61109,0.54921,-83.798,-53.51,-53.957
15.009,5.8908,-49.505,-57.578,-36.119,-63.979,-68.461,-63.372,-42.006,-63.04,-41.437,-41.269,-70.369,-2.7395,0.38681,25.105,25.42,22.933,-47.75,-68.446,-46.399,-46.218,-69.417,-47.987,-69.732,-47.106,-32.775,-53.593,-47.947,-75.653,-31.283,3.1026,-31.049,-30.285,3.7023,-51.722,-51.497,-49.998,-53.365,-52.431,-53.299,-52.444,-50.782,-50.283,-50.397,-52.568,-51.612,-49.993,-40.83,-40.718,-72.946,-37.815,-37.295,-36.761,-2.2801,-37.396,-1.4889,-0.41932,0.70394,-85.378,-52.891,-53.361
11.494,3.1409,-49.374,-57.165,-37.371,-64.175,-68.894,-63.16,-42.781,-62.844,-42.28,-42.131,-70.557,-2.3797,1.3366,24.801,25.082,22.872,-47.874,-68.446,-46.596,-46.424,-69.373,-48.097,-69.674,-47.266,-33.68,-53.093,-48.059,-75.959,-32.034,3.1538,-31.225,-30.547,3.9042,-51.03,-50.8,-49.264,-52.69,-51.749,-52.625,-51.762,-50.069,-49.557,-49.675,-51.887,-50.918,-49.258,-41.179,-41.051,-73.044,-37.831,-37.364,-36.885,-1.6223,-37.455,-0.56653,0.86395,2.3703,-85.666,-50.891,-51.412
13.375,6.0415,-49.473,-56.202,-36.971,-62.693,-68.241,-61.848,-43.392,-61.582,-42.82,-42.651,-69.671,-1.5113,1.5197,21.759,22.019,19.975,-49.183,-66.513,-47.806,-47.622,-67.251,-49.424,-67.491,-48.527,-32.043,-51.53,-49.383,-75.145,-30.58,2.8984,-28.476,-27.913,3.4131,-52.632,-52.403,-50.879,-54.295,-53.35,-54.229,-53.363,-51.676,-51.168,-51.285,-53.488,-52.52,-50.873,-39.663,-39.556,-73.534,-34.46,-34.112,-33.755,-1.7911,-34.18,-1.1183,-0.20555,0.7569,-82.467,-52.956,-53.425
11.335,3.9779,-50.485,-57.297,-34.518,-62.954,-67.577,-63.147,-41.119,-62.868,-40.527,-40.351,-69.064,-1.6828,1.9776,24.71,25,22.721,-47.563,-68.164,-45.944,-45.726,-68.996,-47.846,-69.266,-46.792,-32.705,-53.829,-47.797,-74.397,-30.855,2.9319,-30.148,-29.462,3.6874,-51.702,-51.393,-49.335,-53.941,-52.67,-53.852,-52.688,-50.413,-49.727,-49.884,-52.856,-51.551,-49.328,-41.295,-41.143,-73.396,-37.195,-36.745,-36.282,-2.6785,-36.832,-1.6228,-0.19051,1.3202,-83.639,-51.578,-52.303
12.221,4.5595,-50.389,-57.487,-37.833,-64.774,-70.741,-63.36,-42.966,-63.081,-42.401,-42.234,-72.226,-1.3626,1.737,20.58,20.846,18.75,-48.175,-67.363,-46.876,-46.702,-68.12,-48.402,-68.366,-47.555,-30.884,-52.458,-48.363,-77.507,-29.478,4.1277,-29.812,-29.21,4.66,-52.373,-52.169,-50.816,-53.852,-53.012,-53.793,-53.023,-51.524,-51.073,-51.176,-53.135,-52.273,-50.811,-38.816,-38.718,-73.044,-35.213,-34.86,-34.498,-2.0571,-34.929,-1.3995,-0.50741,0.43358,-85.298,-55.099,-55.487
17.079,8.9529,-50.376,-59.187,-36.962,-63.749,-68.111,-64.452,-42.837,-64.083,-42.07,-41.843,-70.196,-1.5318,1.8273,19.948,20.225,18.049,-48.936,-68.684,-47.099,-46.854,-69.771,-49.259,-70.125,-48.059,-31.731,-53.713,-49.204,-75.375,-29.95,3.4801,-31.301,-30.554,3.9752,-53.523,-53.224,-51.244,-55.714,-54.466,-55.626,-54.484,-52.277,-51.619,-51.77,-54.648,-53.377,-51.237,-40.87,-40.74,-56.424,-37.102,-36.631,-36.148,-1.3058,-36.722,-0.70149,0.11142,0.96009,-85.398,-55.97,-56.549
12.295,4.8451,-50.935,-57.929,-36.576,-62.939,-68.157,-63.873,-41.733,-63.598,-41.108,-40.923,-69.642,-1.8727,1.6874,23.34,23.633,21.329,-47.371,-68.311,-45.879,-45.678,-69.071,-47.632,-69.318,-46.661,-32.022,-54.934,-47.587,-74.556,-30.378,3.9138,-31.557,-30.92,4.5337,-52.055,-51.81,-50.172,-53.834,-52.825,-53.763,-52.839,-51.03,-50.483,-50.609,-52.973,-51.935,-50.166,-40.691,-40.572,-73.221,-38.336,-37.948,-37.549,-1.6242,-38.023,-0.83236,0.24319,1.3792,-83.677,-54.805,-55.305
10.079,3.6964,-50.755,-59.008,-36.778,-63.485,-68.692,-64.183,-42.122,-63.852,-41.566,-41.402,-70.426,-1.8861,1.7708,24.618,24.888,22.759,-47.612,-69.149,-46.257,-46.075,-70.102,-47.849,-70.412,-46.967,-33.439,-52.804,-47.809,-76.3,-31.791,3.6119,-29.094,-28.434,4.3241,-51.197,-50.964,-49.406,-52.895,-51.931,-52.828,-51.944,-50.221,-49.702,-49.822,-52.072,-51.083,-49.401,-41.773,-41.648,-116.34,-37.034,-36.585,-36.125,-2.2347,-36.672,-1.2397,0.10849,1.5282,-85.368,-51.319,-51.826
13.214,5.1157,-50.931,-58.474,-39.108,-63.408,-68.443,-62.859,-44.48,-62.574,-43.88,-43.702,-69.968,-1.8336,1.3055,22.1,22.407,19.987,-49.518,-66.997,-48.148,-47.965,-67.756,-49.758,-68.003,-48.865,-32.267,-52.031,-49.717,-75.275,-30.806,4.6535,-28.808,-28.244,5.1632,-52.902,-52.688,-51.268,-54.457,-53.573,-54.395,-53.585,-52.011,-51.538,-51.646,-53.702,-52.797,-51.263,-40.14,-40.039,-73.472,-37.526,-37.187,-36.839,-2.0364,-37.253,-1.3963,-0.52951,0.38294,-84.897,-54.24,-54.645
14.157,5.4555,-49.858,-56.721,-38.746,-63.083,-69.015,-63.104,-44.225,-62.828,-43.589,-43.4,-70.531,-1.3823,2.1298,21.867,22.148,19.94,-49.32,-67.641,-47.71,-47.493,-68.448,-49.601,-68.71,-48.554,-31.741,-52.877,-49.553,-75.611,-30.006,3.156,-29.686,-29.017,3.8106,-53.437,-53.155,-51.278,-55.471,-54.317,-55.39,-54.333,-52.262,-51.635,-51.779,-54.486,-53.299,-51.271,-40.238,-40.107,-73.115,-35.944,-35.509,-35.061,-2.4911,-35.593,-1.5887,-0.36144,0.93647,-83.96,-56.247,-56.855
14.22,6.1808,-49.048,-56.038,-37.299,-63.428,-68.507,-62.862,-42.793,-62.576,-42.189,-42.009,-70.056,-1.5557,1.74,23.586,23.844,21.813,-48.502,-67.764,-47.061,-46.868,-68.591,-48.753,-68.86,-47.816,-32.31,-53.228,-48.71,-74.555,-30.709,2.8884,-31.329,-30.694,3.4867,-53.189,-52.954,-51.393,-54.888,-53.924,-54.821,-53.937,-52.21,-51.69,-51.809,-54.065,-53.074,-51.387,-41.095,-40.98,-73.252,-36.498,-36.074,-35.64,-1.6676,-36.157,-0.86027,0.23441,1.3882,-79.623,-56.275,-56.742
11.18,3.7351,-51.111,-60.827,-36.424,-63.359,-67.246,-65.413,-42.408,-65.007,-41.828,-41.656,-69.564,-1.2617,2.2493,28.704,28.966,26.893,-48.521,-69.031,-47.049,-46.853,-70.231,-48.78,-70.622,-47.818,-32.786,-52.534,-48.735,-74.186,-31.059,3.0052,-29.078,-28.384,3.7475,-53.297,-53.038,-51.322,-55.196,-54.115,-55.12,-54.13,-52.218,-51.647,-51.778,-54.273,-53.17,-51.316,-42.036,-41.899,-73.486,-36.415,-35.947,-35.467,-2.9841,-36.037,-1.9347,-0.51628,0.97331,-83.283,-55.698,-56.254
14.258,7.218,-49.908,-57.094,-36.618,-63.066,-68.444,-62.755,-43.159,-62.462,-42.496,-42.299,-70.058,-0.39404,2.8777,22.705,22.951,21.015,-49.338,-67.811,-47.657,-47.432,-68.664,-49.633,-68.941,-48.537,-31.806,-52.378,-49.582,-75.897,-30.082,3.1054,-28.764,-28.129,3.703,-52.627,-52.33,-50.358,-54.788,-53.56,-54.702,-53.577,-51.389,-50.732,-50.883,-53.739,-52.482,-50.351,-40.051,-39.916,-73.79,-35.388,-34.971,-34.542,-1.2418,-35.052,-0.41269,0.7097,1.8905,-83.857,-51.129,-51.775
13.4,6.3246,-50.21,-57.146,-36.635,-63.456,-67.797,-62.594,-42.792,-62.326,-42.248,-42.087,-69.183,-1.5939,1.6787,25.113,25.372,23.33,-48.949,-67.167,-47.69,-47.521,-67.895,-49.169,-68.131,-48.35,-32.933,-53.283,-49.131,-74.07,-31.473,2.3813,-31.039,-30.405,2.9686,-53.475,-53.275,-51.941,-54.918,-54.1,-54.861,-54.111,-52.64,-52.195,-52.297,-54.22,-53.377,-51.936,-41.339,-41.238,-73.388,-38.49,-38.096,-37.693,-2.9883,-38.173,-2.2161,-1.1666,-0.057548,-82.677,-55.737,-56.128
11.594,4.2829,-50.27,-58.192,-36.542,-63.349,-68.272,-64.011,-42.571,-63.685,-41.901,-41.702,-70.036,-1.8744,1.9608,24.791,25.054,22.977,-48.149,-68.886,-46.335,-46.091,-69.865,-48.466,-70.182,-47.285,-33.338,-53.293,-48.412,-75.376,-31.328,0.93414,-30.662,-29.901,1.7495,-51.132,-50.791,-48.519,-53.609,-52.202,-53.511,-52.222,-49.708,-48.95,-49.124,-52.408,-50.965,-48.51,-41.985,-41.821,-72.929,-37.837,-37.322,-36.793,-4.1135,-37.422,-2.9346,-1.3355,0.3505,-83.699,-49.707,-50.495
14.474,6.8168,-50.127,-57.987,-36.53,-63.211,-68.209,-63.723,-42.437,-63.409,-41.708,-41.492,-69.977,-2.1565,1.3472,24.93,25.193,23.127,-48.173,-68.564,-46.321,-46.073,-69.468,-48.496,-69.762,-47.291,-32.347,-55.105,-48.441,-75.513,-30.451,3.4469,-31.841,-31.133,4.108,-51.552,-51.225,-49.045,-53.928,-52.579,-53.834,-52.598,-50.186,-49.459,-49.626,-52.777,-51.392,-49.037,-40.814,-40.666,-73.072,-38.568,-38.107,-37.634,-0.78755,-38.197,0.14347,1.4041,2.7306,-85.008,-50.951,-51.669
14.786,5.6666,-49.977,-59.037,-37.042,-62.575,-66.643,-63.724,-43.243,-63.364,-42.707,-42.548,-68.579,-1.3404,1.4268,23.525,23.734,22.085,-49.453,-68.157,-48.144,-47.968,-69.191,-49.683,-69.527,-48.829,-32.678,-53.086,-49.643,-73.818,-31.177,5.1901,-31.324,-30.576,5.7632,-53.956,-53.726,-52.189,-55.627,-54.679,-55.561,-54.692,-52.994,-52.482,-52.599,-54.818,-53.844,-52.184,-41.349,-41.23,-72.893,-37.993,-37.469,-36.931,1.6311,-37.571,2.4918,3.6529,4.8692,-84.484,-55.318,-55.839
12.645,5.6077,-50.342,-57.492,-35.835,-63.952,-68.539,-63.008,-41.859,-62.715,-41.224,-41.036,-70.169,-1.5574,1.7189,20.682,20.932,18.96,-48.013,-67.582,-46.408,-46.193,-68.435,-48.294,-68.713,-47.248,-32.259,-52.267,-48.246,-75.19,-30.577,2.845,-29.035,-28.446,3.4272,-52.352,-52.071,-50.206,-54.392,-53.233,-54.311,-53.249,-51.182,-50.56,-50.703,-53.403,-52.215,-50.199,-41.125,-40.996,-72.996,-35.675,-35.295,-34.905,-2.1955,-35.369,-1.4038,-0.33096,0.79912,-83.422,-53.483,-54.085
14.572,7.1281,-50.456,-58.32,-36.717,-62.136,-67.138,-62.819,-42.959,-62.523,-42.324,-42.136,-68.754,-2.3837,1.1357,24.998,25.199,23.626,-48.951,-66.525,-47.541,-47.352,-67.299,-49.197,-67.551,-48.28,-32.712,-52.025,-49.155,-74.012,-31.171,3.1138,-29.093,-28.516,3.6518,-53.353,-53.143,-51.743,-54.87,-54.009,-54.81,-54.021,-52.476,-52.009,-52.117,-54.135,-53.25,-51.738,-40.495,-40.394,-72.89,-36.483,-36.158,-35.822,-1.7094,-36.221,-1.0817,-0.22706,0.67808,-82.709,-56.045,-56.42
14.401,6.8924,-50.059,-58.235,-36.852,-63.438,-67.607,-62.965,-42.087,-62.629,-41.382,-41.173,-69.491,-0.55057,2.8337,24.865,25.126,23.075,-47.04,-67.196,-45.272,-45.036,-68.18,-47.35,-68.5,-46.197,-32.078,-51.044,-47.297,-74.096,-30.27,3.9244,-27.736,-27.078,4.4902,-49.846,-49.539,-47.497,-52.085,-50.813,-51.996,-50.83,-48.564,-47.884,-48.04,-50.999,-49.696,-47.489,-41.351,-41.212,-72.941,-35.207,-34.769,-34.32,-2.9879,-34.854,-2.1998,-1.1317,-0.0064203,-82.051,-49.248,-49.904
14.251,5.9898,-51.476,-59.009,-38.725,-63.762,-67.518,-63.205,-43.649,-62.909,-43.026,-42.841,-69.064,-0.93449,2.5226,23.151,23.408,21.385,-48.049,-66.324,-46.584,-46.387,-67.136,-48.306,-67.4,-47.351,-31.717,-52.406,-48.262,-73.243,-30.069,2.708,-29.659,-28.967,3.3516,-51.322,-51.088,-49.527,-53.02,-52.057,-52.953,-52.07,-50.344,-49.823,-49.943,-52.198,-51.208,-49.521,-39.436,-39.319,-73.597,-36.898,-36.464,-36.019,-3.156,-36.548,-2.2934,-1.123,0.11167,-85.528,-54.107,-54.559
15.354,7.8457,-50.288,-58.908,-37.327,-63.276,-68.131,-64.092,-42.605,-63.73,-41.873,-41.656,-70.193,-0.32702,3.2904,24.677,24.894,23.171,-47.189,-68.601,-45.419,-45.183,-69.685,-47.5,-70.037,-46.344,-32.838,-52.161,-47.446,-75.293,-30.956,3.3488,-30.115,-29.337,4.0373,-49.253,-48.959,-47.019,-51.401,-50.178,-51.315,-50.195,-48.031,-47.386,-47.534,-50.356,-49.109,-47.012,-41.695,-41.553,-73.405,-36.29,-35.762,-35.22,-2.9509,-35.864,-2.0093,-0.73914,0.59149,-82.577,-48.008,-48.593
12.507,4.4812,-50.715,-58.796,-36.248,-63.068,-67.429,-63.793,-41.846,-63.464,-41.279,-41.111,-69.211,-2.0596,1.2192,24.827,25.072,23.138,-47.496,-67.984,-46.079,-45.889,-68.937,-47.744,-69.247,-46.821,-32.547,-53.161,-47.701,-74.145,-30.958,2.8567,-31.009,-30.338,3.4908,-51.709,-51.463,-49.824,-53.498,-52.482,-53.427,-52.496,-50.681,-50.135,-50.261,-52.631,-51.589,-49.818,-41.184,-41.063,-73.758,-37.809,-37.367,-36.913,-2.6811,-37.452,-1.805,-0.61832,0.63089,-83.536,-53.454,-53.983
10.747,2.7798,-49.045,-55.555,-37.561,-62.223,-67.36,-61.358,-42.746,-61.102,-42.337,-42.216,-68.542,-1.5662,1.7597,24.109,24.388,22.192,-47.691,-66.022,-46.754,-46.627,-66.73,-47.854,-66.96,-47.245,-32.482,-52.202,-47.826,-73.866,-31.193,4.7705,-30.313,-29.548,5.4776,-51.73,-51.582,-50.591,-52.8,-52.194,-52.758,-52.202,-51.111,-50.78,-50.856,-52.283,-51.658,-50.587,-40.396,-40.307,-73.215,-36.929,-36.429,-35.917,-2.0108,-36.526,-1.0824,0.1787,1.5108,-83.311,-54.763,-55.054
13.665,5.9756,-51.23,-58.599,-37.974,-63.84,-68.133,-62.942,-43.149,-62.657,-42.556,-42.38,-69.649,-0.9646,2.3896,23.888,24.135,22.194,-48.233,-66.243,-46.867,-46.683,-67.011,-48.471,-67.261,-47.582,-31.387,-51.891,-48.431,-74.172,-29.867,3.3452,-28.745,-28.111,3.9261,-52.703,-52.49,-51.062,-54.253,-53.374,-54.192,-53.386,-51.81,-51.334,-51.443,-53.503,-52.599,-51.057,-39.544,-39.439,-74.206,-35.712,-35.333,-34.943,-2.6908,-35.406,-1.9562,-0.95766,0.097823,-85.711,-57.131,-57.541
12.585,4.6807,-48.399,-58.122,-36.012,-62.602,-66.678,-63.157,-41.286,-62.742,-40.789,-40.642,-69.046,-1.8065,1.2167,24.801,25.016,23.323,-46.666,-67.714,-45.511,-45.356,-68.954,-46.869,-69.357,-46.115,-32.472,-51.122,-46.834,-74.245,-31.121,1.9359,-29.991,-29.172,2.5479,-51.01,-50.823,-49.587,-52.366,-51.595,-52.312,-51.606,-50.233,-49.821,-49.916,-51.708,-50.919,-49.582,-41.29,-41.193,-72.854,-38.419,-37.842,-37.25,-6.6393,-37.954,-5.8255,-4.724,-3.5654,-84.959,-53.833,-54.203
12.975,5.8177,-51.843,-58.742,-36.68,-64.553,-68.952,-63.557,-42.248,-63.284,-41.661,-41.487,-70.4,-0.53245,2.8726,23.415,23.701,21.453,-48.053,-67.368,-46.646,-46.457,-68.135,-48.298,-68.384,-47.383,-31.554,-53.046,-48.256,-74.911,-29.971,2.7245,-29.802,-29.135,3.3568,-52.782,-52.55,-50.999,-54.465,-53.511,-54.398,-53.524,-51.811,-51.294,-51.413,-53.65,-52.669,-50.993,-40.609,-40.494,-73.007,-37.225,-36.803,-36.368,-4.1116,-36.885,-3.2617,-2.107,-0.88735,-83.579,-55.769,-56.244
12.164,4.7768,-50.334,-57.388,-37.286,-64.012,-68.584,-62.87,-43.136,-62.585,-42.575,-42.409,-70.036,-1.0467,2.561,24.969,25.233,23.154,-48.709,-67.549,-47.346,-47.163,-68.367,-48.948,-68.633,-48.06,-32.445,-53.655,-48.907,-74.98,-30.81,3.2379,-30.607,-29.789,3.9798,-52.511,-52.282,-50.755,-54.175,-53.23,-54.109,-53.243,-51.554,-51.046,-51.162,-53.368,-52.399,-50.75,-40.648,-40.526,-132.94,-37.752,-37.221,-36.677,-2.1756,-37.324,-1.1771,0.17664,1.6032,-83.513,-53.712,-54.185
14.192,6.6032,-49.685,-57.009,-37.454,-63.216,-68.586,-62.516,-44.088,-62.218,-43.44,-43.249,-70.22,-0.97665,2.3257,23.087,23.347,21.307,-50.625,-67.136,-49.005,-48.788,-67.999,-50.908,-68.279,-49.853,-32.31,-52.035,-50.86,-75.985,-30.626,2.8313,-29.899,-29.25,3.433,-55.125,-54.844,-52.979,-57.166,-56.006,-57.085,-56.022,-53.954,-53.333,-53.476,-56.176,-54.987,-52.972,-41.09,-40.962,-73.685,-36.006,-35.588,-35.16,-1.8733,-35.669,-1.0599,0.041553,1.201,-85.65,-56.293,-56.889
16.89,8.9865,-51.04,-58.353,-35.539,-64.21,-68.775,-64.509,-41.262,-64.214,-40.654,-40.473,-70.348,0.066002,3.606,23.507,23.782,21.609,-47.503,-69.149,-46.101,-45.913,-70.003,-47.747,-70.28,-46.837,-32.341,-54.847,-47.705,-74.837,-30.666,2.2166,-30.942,-30.197,2.8781,-52.903,-52.68,-51.187,-54.508,-53.599,-54.444,-53.611,-51.971,-51.472,-51.587,-53.732,-52.794,-51.182,-42.274,-42.156,-72.965,-37.885,-37.379,-36.86,-4.3555,-37.477,-3.4406,-2.2024,-0.90058,-81.834,-56.69,-57.139
11.327,4.6716,-50.408,-57.889,-36.869,-63.343,-68.121,-62.815,-42.821,-62.51,-42.219,-42.041,-69.745,-1.0737,2.3997,22.242,22.519,20.341,-48.871,-67.031,-47.387,-47.188,-67.913,-49.131,-68.2,-48.164,-32.442,-51.634,-49.087,-74.97,-30.781,3.1261,-29.189,-28.499,3.7972,-53.343,-53.09,-51.406,-55.182,-54.138,-55.109,-54.152,-52.287,-51.726,-51.855,-54.291,-53.22,-51.4,-41.299,-41.173,-73.645,-36.307,-35.855,-35.392,-2.6101,-35.943,-1.6933,-0.44995,0.8607,-84.245,-55.196,-55.727
13.942,6.7248,-48.894,-56.073,-36.815,-63.285,-67.753,-62.029,-42.377,-61.739,-41.759,-41.576,-69.319,-0.85022,2.4352,24.225,24.469,22.548,-47.9,-67.415,-46.407,-46.206,-68.241,-48.161,-68.509,-47.189,-32.166,-52.499,-48.117,-74.447,-30.521,3.1748,-30.374,-29.741,3.7778,-51.677,-51.428,-49.77,-53.48,-52.457,-53.409,-52.471,-50.638,-50.085,-50.213,-52.607,-51.556,-49.764,-40.981,-40.859,-58.581,-38.672,-38.25,-37.817,-2.4946,-38.332,-1.6577,-0.52357,0.67111,-83.521,-52.824,-53.334
16.274,8.2136,-50.875,-59.142,-34.343,-63.209,-67.227,-64.031,-40.379,-63.698,-39.696,-39.494,-69.085,-0.95348,2.6889,25.409,25.697,23.426,-47.145,-68.368,-45.497,-45.276,-69.336,-47.435,-69.65,-46.359,-32.477,-52.807,-47.385,-74.055,-30.628,1.576,-30.374,-29.704,2.314,-52.897,-52.617,-50.759,-54.937,-53.777,-54.856,-53.793,-51.73,-51.111,-51.253,-53.947,-52.76,-50.752,-42.597,-42.454,-48.712,-37.406,-36.933,-36.448,-2.56,-37.025,-1.4704,0.0090094,1.5705,-84.375,-56.422,-57.016
12.876,5.9622,-50.215,-57.785,-36.818,-62.792,-67.216,-62.792,-42.841,-62.479,-42.146,-41.94,-68.98,-0.91612,2.6795,25.791,26.084,23.778,-49.191,-66.889,-47.446,-47.213,-67.817,-49.497,-68.118,-48.359,-32.11,-53.241,-49.444,-73.914,-30.278,3.3307,-31.248,-30.477,4.0174,-54.09,-53.787,-51.775,-56.297,-55.042,-56.209,-55.06,-52.827,-52.157,-52.311,-55.226,-53.942,-51.768,-41.619,-41.478,-71.157,-37.725,-37.224,-36.71,-2.6743,-37.322,-1.7514,-0.50276,0.80968,-83.639,-56.302,-56.947
11.13,4.9382,-49.939,-57.167,-36.569,-63.717,-68.248,-62.568,-42.077,-62.271,-41.471,-41.292,-69.851,-0.89185,2.4734,22.261,22.522,20.468,-48.058,-67.271,-46.56,-46.359,-68.139,-48.32,-68.42,-47.344,-32.463,-51.487,-48.275,-75.039,-30.802,3.2299,-28.766,-28.135,3.8513,-52.575,-52.319,-50.611,-54.441,-53.381,-54.367,-53.396,-51.505,-50.936,-51.066,-53.536,-52.45,-50.605,-41.524,-41.398,-72.969,-34.547,-34.126,-33.693,-1.4011,-34.208,-0.53905,0.62887,1.8586,-83.942,-54.306,-54.846
13.471,5.7302,-50.538,-57.548,-37.823,-65.003,-69.354,-62.886,-43.1,-62.599,-42.478,-42.294,-70.946,-0.74966,2.6134,24.194,24.39,22.844,-48.563,-67.159,-47.045,-46.842,-67.997,-48.828,-68.269,-47.84,-32.296,-51.68,-48.783,-75.437,-30.641,3.5308,-29.727,-29.107,4.1548,-52.727,-52.471,-50.768,-54.586,-53.531,-54.513,-53.545,-51.659,-51.092,-51.222,-53.685,-52.602,-50.762,-41.332,-41.208,-73.767,-35.915,-35.501,-35.075,-2.144,-35.581,-1.2824,-0.11366,1.1187,-83.225,-54.734,-55.264
11.951,5.0333,-50.216,-57.618,-36.981,-63.504,-68.236,-62.943,-42.848,-62.639,-42.216,-42.029,-69.896,-0.99992,2.3929,24.249,24.527,22.334,-48.713,-67.302,-47.139,-46.929,-68.188,-48.989,-68.477,-47.963,-32.421,-51.83,-48.942,-74.835,-30.724,3.029,-28.676,-28.003,3.6762,-52.817,-52.547,-50.748,-54.787,-53.668,-54.709,-53.683,-51.689,-51.089,-51.227,-53.831,-52.685,-50.741,-41.336,-41.207,-74.745,-36.412,-35.971,-35.518,-3.3853,-36.056,-2.4986,-1.2969,-0.030979,-82.783,-54.034,-54.603
10.23,3.5939,-50.178,-57.01,-36.284,-62.565,-67.426,-62.248,-42.229,-61.972,-41.697,-41.539,-68.87,-0.39703,2.7772,22.519,22.779,20.732,-48.555,-66.46,-47.231,-47.053,-67.259,-48.786,-67.519,-47.924,-31.537,-52.302,-48.747,-73.686,-30.042,4.0346,-29.859,-29.164,4.6599,-53.185,-52.956,-51.433,-54.843,-53.902,-54.778,-53.915,-52.231,-51.723,-51.84,-54.04,-53.073,-51.428,-40.571,-40.457,-73.393,-37.657,-37.205,-36.742,-2.7981,-37.293,-1.9427,-0.78258,0.4406,-80.66,-54.475,-54.964
15.929,7.4369,-49.751,-57.451,-36.095,-63.718,-68.333,-62.944,-42.039,-62.625,-41.425,-41.243,-70.1,-1.1318,2.1998,24.251,24.552,22.179,-47.882,-67.617,-46.397,-46.198,-68.555,-48.142,-68.859,-47.174,-32.827,-51.91,-48.098,-75.143,-31.198,2.6378,-30.179,-29.487,3.2671,-51.947,-51.699,-50.05,-53.757,-52.728,-53.685,-52.742,-50.912,-50.362,-50.488,-52.878,-51.825,-50.044,-41.872,-41.75,-73.071,-36.378,-35.909,-35.429,-3.0471,-36,-2.1875,-1.0238,0.20013,-83.476,-53.314,-53.821
14.703,7.1167,-50.49,-59.101,-36.825,-62.574,-67.253,-63.711,-42.463,-63.381,-41.974,-41.829,-68.953,-0.93008,2.3832,23.23,23.465,21.609,-47.445,-67.032,-46.455,-46.321,-67.896,-47.617,-68.176,-46.975,-32.508,-52.668,-47.588,-73.671,-31.193,3.9554,-30.591,-29.941,4.4953,-51.695,-51.564,-50.682,-52.637,-52.104,-52.6,-52.111,-51.145,-50.851,-50.918,-52.182,-51.631,-50.679,-39.956,-39.877,-73.357,-36.588,-36.205,-35.812,-1.5651,-36.279,-0.92656,-0.062814,0.84488,-83.77,-56.38,-56.591
12.507,5.1721,-51.162,-59.009,-37.964,-63.653,-68.149,-64.037,-44.051,-63.719,-43.42,-43.233,-69.882,-0.80527,2.6633,25.004,25.267,23.202,-49.696,-68.075,-48.104,-47.89,-68.989,-49.975,-69.286,-48.937,-32.992,-53.236,-49.927,-74.52,-31.258,3.8282,-31.18,-30.535,4.4785,-53.062,-52.785,-50.942,-55.078,-53.933,-54.998,-53.949,-51.906,-51.292,-51.433,-54.1,-52.927,-50.935,-41.482,-41.349,-73.37,-38.535,-38.124,-37.702,-2.236,-38.204,-1.3489,-0.14667,1.1199,-81.822,-52.926,-53.517
12.368,4.9807,-49.979,-56.913,-36.689,-63.848,-68.755,-63.455,-42.175,-63.169,-41.525,-41.332,-70.305,-1.5127,2.2298,22.865,23.162,20.827,-47.598,-68.697,-45.905,-45.677,-69.539,-47.894,-69.813,-46.792,-32.147,-54.898,-47.844,-75.428,-30.287,3.3617,-31.557,-30.805,4.1165,-51.169,-50.863,-48.821,-53.388,-52.129,-53.3,-52.147,-49.89,-49.209,-49.366,-52.314,-51.019,-48.813,-40.746,-40.6,-72.999,-37.811,-37.324,-36.825,-1.0252,-37.419,0.011136,1.4172,2.9003,-83.964,-51.374,-52.061
14.222,6.6151,-51.057,-59.588,-38.188,-62.323,-67.241,-64.31,-44.186,-63.958,-43.526,-43.331,-69.157,-0.99964,2.4968,26.171,26.471,24.104,-49.267,-68.843,-47.688,-47.477,-69.865,-49.545,-70.198,-48.513,-32.853,-53.573,-49.498,-74.702,-31.132,3.4764,-29.563,-28.801,4.1647,-51.622,-51.361,-49.639,-53.526,-52.442,-53.45,-52.457,-50.538,-49.964,-50.096,-52.6,-51.494,-49.632,-40.703,-40.575,-73.64,-38.615,-38.107,-37.587,-2.347,-38.206,-1.4223,-0.17297,1.1381,-83.554,-50.485,-51.002
12.804,5.28,-51.001,-57.937,-37.501,-63.841,-68.999,-63.151,-42.818,-62.885,-42.26,-42.095,-70.354,-1.1582,2.2097,23.195,23.466,21.327,-47.94,-67.475,-46.631,-46.455,-68.199,-48.168,-68.434,-47.317,-31.791,-53.043,-48.129,-75.439,-30.278,3.068,-29.679,-29.016,3.7006,-51.629,-51.417,-50.004,-53.163,-52.293,-53.103,-52.305,-50.744,-50.273,-50.381,-52.42,-51.525,-49.998,-39.776,-39.668,-73.489,-37.402,-36.99,-36.566,-2.8973,-37.07,-2.0567,-0.91535,0.28978,-84.155,-53.381,-53.805
8.5351,2.0096,-50.564,-57.073,-36.666,-63.767,-68.47,-63.134,-41.086,-62.86,-40.577,-40.427,-69.855,-1.1541,2.4041,24.158,24.439,22.236,-46.232,-67.489,-44.974,-44.804,-68.311,-46.451,-68.577,-45.633,-31.916,-53.179,-46.414,-74.352,-30.374,2.9052,-30.538,-29.761,3.6399,-51.233,-51.019,-49.589,-52.781,-51.904,-52.72,-51.916,-50.339,-49.861,-49.971,-52.032,-51.129,-49.584,-41.387,-41.274,-73.101,-37.515,-36.994,-36.459,-5.1702,-37.095,-4.1717,-2.8155,-1.3829,-83.646,-55.469,-55.919
17.823,9.2152,-51.148,-59.297,-36.581,-62.258,-66.798,-63.08,-42.447,-62.787,-41.854,-41.677,-68.395,-1.3564,2.0193,23.28,23.485,21.875,-48.334,-66.762,-47.091,-46.923,-67.518,-48.549,-67.763,-47.745,-32.68,-52.903,-48.513,-73.761,-31.177,2.1982,-30.276,-29.538,2.8322,-52.798,-52.622,-51.43,-54.054,-53.346,-54.005,-53.356,-52.058,-51.659,-51.751,-53.45,-52.712,-51.425,-40.751,-40.655,-73.936,-38.046,-37.571,-37.083,-3.1771,-37.663,-2.3103,-1.134,0.10665,-83.379,-55.369,-55.685
12.868,5.71,-51.081,-60.317,-35.873,-62.897,-67.2,-64.674,-41.913,-64.305,-41.255,-41.061,-69.141,-1.3341,2.0874,23.253,23.509,21.485,-48.186,-68.213,-46.595,-46.383,-69.253,-48.467,-69.591,-47.425,-32.636,-53.405,-48.419,-74.398,-30.905,2.2103,-31.859,-31.022,2.9104,-52.916,-52.654,-50.921,-54.84,-53.744,-54.764,-53.759,-51.825,-51.248,-51.38,-53.904,-52.788,-50.915,-41.492,-41.362,-73.079,-37.797,-37.274,-36.737,-2.2263,-37.376,-1.3028,-0.057332,1.2467,-85.729,-55.291,-55.803
12.435,4.9263,-50.542,-58.509,-36.852,-62.432,-66.777,-63.417,-42.705,-63.093,-42.131,-41.961,-68.523,-1.1257,2.1444,21.738,21.996,19.965,-48.686,-67.439,-47.251,-47.059,-68.374,-48.937,-68.677,-48.003,-32.546,-53.09,-48.894,-73.335,-30.951,3.6596,-31.267,-30.588,4.274,-53.204,-52.955,-51.296,-55.01,-53.985,-54.939,-53.999,-52.164,-51.611,-51.738,-54.135,-53.082,-51.29,-41.467,-41.346,-73.743,-38.132,-37.687,-37.231,-2.383,-37.774,-1.539,-0.39576,0.80781,-81.999,-55.166,-55.701
10.994,3.3186,-50.827,-58.353,-36.318,-63.778,-68.905,-63.994,-41.616,-63.684,-41.071,-40.91,-70.489,-1.8826,1.623,24.018,24.291,22.138,-46.971,-68.296,-45.632,-45.452,-69.205,-47.206,-69.5,-46.332,-32.366,-52.55,-47.166,-75.486,-30.747,3.6755,-29.425,-28.73,4.3849,-51.5,-51.273,-49.762,-53.155,-52.215,-53.089,-52.228,-50.552,-50.049,-50.164,-52.352,-51.389,-49.757,-40.904,-40.782,-72.976,-36.31,-35.84,-35.358,-1.7627,-35.931,-0.77883,0.55327,1.9549,-84.362,-54.714,-55.185
11.722,4.5461,-49.712,-57.357,-36.453,-62.864,-67.249,-62.548,-42.167,-62.235,-41.518,-41.325,-68.975,-1.6589,1.8575,23.621,23.888,21.78,-47.767,-67.148,-46.126,-45.906,-68.071,-48.055,-68.37,-46.984,-33.008,-51.244,-48.006,-74.061,-31.232,3.3199,-31.35,-30.664,4.0105,-51.219,-50.93,-49.014,-53.323,-52.126,-53.239,-52.143,-50.015,-49.377,-49.524,-52.301,-51.077,-49.007,-41.289,-41.15,-75.701,-39.228,-38.771,-38.303,-1.0421,-38.86,-0.075799,1.2337,2.6129,-82.79,-51.077,-51.699
10.154,3.481,-51.069,-57.58,-36.411,-64.203,-68.553,-62.676,-42.373,-62.413,-41.834,-41.674,-69.926,-1.0161,2.15,22.92,23.17,21.203,-48.69,-66.906,-47.385,-47.21,-67.657,-48.918,-67.901,-48.068,-32.14,-52.805,-48.879,-74.584,-30.662,3.2816,-30.477,-29.812,3.8964,-53.039,-52.822,-51.378,-54.613,-53.719,-54.55,-53.731,-52.134,-51.652,-51.763,-53.85,-52.932,-51.373,-41.029,-40.92,-73.267,-38.347,-37.919,-37.48,-3.3673,-38.002,-2.5431,-1.4256,-0.24777,-81.946,-53.921,-54.363
15.344,7.0973,-51.029,-58.141,-36.486,-63.444,-68.411,-63.078,-42.053,-62.817,-41.569,-41.425,-69.7,-0.7095,2.8813,25.145,25.385,23.508,-47.564,-67.427,-46.462,-46.312,-68.124,-47.754,-68.35,-47.042,-32.486,-53.532,-47.722,-74.944,-31.007,2.0191,-30.312,-29.585,2.6969,-52.033,-51.859,-50.683,-53.273,-52.573,-53.224,-52.583,-51.302,-50.909,-50.999,-52.676,-51.948,-50.678,-40.815,-40.715,-72.581,-38.65,-38.187,-37.71,-4.697,-38.277,-3.7718,-2.514,-1.1846,-84.95,-55.129,-55.48
13.447,5.3216,-48.402,-55.835,-37.544,-62.196,-67.069,-61.682,-43.425,-61.38,-42.884,-42.724,-68.629,-1.8762,1.3484,23.444,23.697,21.698,-48.795,-66.786,-47.512,-47.34,-67.65,-49.02,-67.931,-48.183,-34.172,-51.491,-48.982,-73.797,-32.668,3.6829,-30.08,-29.405,4.3156,-51.972,-51.762,-50.369,-53.501,-52.631,-53.44,-52.643,-51.097,-50.633,-50.739,-52.758,-51.869,-50.364,-42.317,-42.207,-72.761,-36.329,-35.879,-35.417,-1.2499,-35.966,-0.38488,0.78518,2.0149,-81.377,-52.113,-52.531
12.382,5.0851,-50.445,-58.522,-36.683,-63.119,-67.682,-63.536,-42.476,-63.202,-41.881,-41.705,-69.533,-1.2618,2.1767,25.033,25.302,23.174,-48.319,-67.697,-46.892,-46.701,-68.673,-48.57,-68.99,-47.638,-32.647,-51.994,-48.527,-74.579,-31.03,3.6113,-29.066,-28.371,4.2924,-52.722,-52.486,-50.92,-54.444,-53.465,-54.375,-53.478,-51.738,-51.216,-51.336,-53.608,-52.606,-50.914,-41.49,-41.369,-73.38,-35.982,-35.52,-35.046,-2.163,-35.61,-1.2439,0.0010959,1.3119,-83.793,-54.944,-55.419
13.204,6.0887,-50.453,-58.018,-36.945,-63.177,-67.654,-64.022,-42.448,-63.708,-41.848,-41.67,-69.365,-1.4706,1.8336,27.817,28.095,25.909,-48.298,-68.195,-46.982,-46.806,-69.069,-48.529,-69.353,-47.671,-31.981,-54.404,-48.489,-74.315,-30.535,4.0787,-31.732,-31.054,4.6093,-52.672,-52.476,-51.174,-54.097,-53.287,-54.04,-53.298,-51.855,-51.421,-51.521,-53.405,-52.576,-51.169,-40.005,-39.91,-72.948,-37.816,-37.412,-36.998,-1.5736,-37.49,-0.9529,-0.11197,0.77357,-84.624,-54.509,-54.865
11.653,4.5149,-49.968,-56.946,-38.336,-63.768,-69.088,-62.068,-43.592,-61.791,-43.073,-42.919,-70.542,-0.5342,2.6099,23.74,24.005,21.922,-48.636,-66.992,-47.44,-47.28,-67.767,-48.845,-68.019,-48.066,-32.253,-51.163,-48.809,-76.291,-30.861,4.7687,-28.315,-27.675,5.3538,-52.232,-52.044,-50.79,-53.604,-52.825,-53.549,-52.835,-51.446,-51.028,-51.124,-52.939,-52.14,-50.785,-40.654,-40.556,-73.472,-36.043,-35.633,-35.212,-2.3455,-35.713,-1.5749,-0.52962,0.57274,-86.694,-54.02,-54.381
14.264,6.7083,-49.464,-57.011,-37.28,-63.052,-67.936,-62.94,-43.527,-62.632,-42.873,-42.68,-69.624,-1.4181,2.0448,25.625,25.902,23.723,-49.135,-67.913,-47.549,-47.337,-68.796,-49.413,-69.083,-48.379,-32.538,-53.55,-49.366,-74.93,-30.84,3.2046,-30.606,-29.898,3.8348,-52.179,-51.915,-50.158,-54.101,-53.009,-54.025,-53.024,-51.077,-50.492,-50.626,-53.169,-52.05,-50.152,-40.434,-40.309,-73.97,-37.55,-37.099,-36.635,-2.252,-37.186,-1.425,-0.3044,0.87596,-83,-51.664,-52.2
11.23,4.3269,-50.108,-58.811,-36.454,-64.443,-68.625,-63.906,-42.63,-63.549,-42.038,-41.863,-70.562,-1.3947,1.9547,24.898,25.151,23.156,-48.725,-68.019,-47.219,-47.017,-69.058,-48.989,-69.396,-48.007,-32.703,-52.039,-48.944,-75.353,-31.043,3.5132,-30.728,-29.994,4.1524,-52.94,-52.676,-50.918,-54.862,-53.77,-54.785,-53.785,-51.838,-51.252,-51.387,-53.93,-52.811,-50.912,-41.303,-41.175,-73.242,-38.341,-37.872,-37.391,-1.5026,-37.963,-0.63593,0.53755,1.7723,-83.505,-54.01,-54.579
12.71,5.6432,-50.508,-57.482,-36.021,-63.401,-68.233,-62.97,-41.851,-62.693,-41.213,-41.024,-69.762,-1.9584,1.5414,25.592,25.814,24.075,-48.012,-67.383,-46.481,-46.276,-68.166,-48.28,-68.421,-47.283,-32.631,-52.362,-48.234,-74.715,-30.975,2.8333,-29.217,-28.614,3.4431,-53.053,-52.801,-51.121,-54.881,-53.843,-54.808,-53.858,-52,-51.44,-51.569,-53.995,-52.93,-51.114,-41.683,-41.564,-72.83,-37.619,-37.243,-36.857,-3.5338,-37.316,-2.7414,-1.665,-0.52771,-83.345,-56.277,-56.786
10.99,3.5535,-51.433,-60.286,-36.553,-63.913,-68.086,-64.665,-42.531,-64.303,-41.94,-41.765,-70.079,-1.8887,1.345,25.343,25.604,23.544,-48.545,-67.973,-47.029,-46.826,-69.025,-48.811,-69.367,-47.823,-32.606,-52.519,-48.765,-74.613,-30.95,4.2794,-30.96,-30.24,4.8806,-53.064,-52.794,-50.997,-55.026,-53.911,-54.948,-53.927,-51.937,-51.338,-51.476,-54.074,-52.932,-50.991,-41.55,-41.42,-73.082,-37.661,-37.188,-36.703,-1.4661,-37.28,-0.63154,0.49812,1.6864,-82.74,-54.915,-55.508
12.364,5.5079,-51.035,-58.079,-36.475,-63.817,-68.369,-63.328,-41.912,-63.043,-41.294,-41.11,-69.891,-0.15468,3.2298,24.799,25.069,22.945,-47.682,-67.729,-46.136,-45.928,-68.549,-47.952,-68.815,-46.946,-31.216,-53.119,-47.906,-74.772,-29.53,2.7138,-29.929,-29.262,3.3552,-52.265,-51.997,-50.212,-54.206,-53.105,-54.129,-53.12,-51.147,-50.552,-50.689,-53.266,-52.134,-50.206,-40.518,-40.39,-73.067,-38.332,-37.897,-37.45,-4.3547,-37.982,-3.4648,-2.2575,-0.98424,-84.145,-54.638,-55.212
11.59,4.6409,-48.579,-56.797,-37.16,-61.682,-65.933,-62.21,-42.896,-61.875,-42.278,-42.095,-67.833,-1.618,1.8124,24.644,24.915,22.778,-48.987,-67.003,-47.441,-47.233,-67.978,-49.258,-68.295,-48.25,-32.552,-53.232,-49.212,-73.058,-30.864,3.2789,-32.819,-32.163,3.9496,-53.598,-53.329,-51.54,-55.553,-54.442,-55.475,-54.457,-52.476,-51.88,-52.017,-54.604,-53.466,-51.534,-41.435,-41.305,-73.215,-39.5,-39.066,-38.621,-1.9009,-39.15,-0.97657,0.27631,1.5962,-83.135,-55.384,-55.96
11.373,3.3587,-50.14,-57.426,-37.281,-63.835,-68.556,-62.652,-42.684,-62.357,-42.22,-42.083,-69.986,-1.4189,2.0968,25.084,25.354,23.234,-48.17,-67.056,-47.036,-46.883,-67.913,-48.367,-68.191,-47.63,-33.026,-51.912,-48.333,-75.063,-31.5,3.0429,-30.431,-29.693,3.7876,-52.557,-52.363,-51.062,-53.961,-53.166,-53.905,-53.177,-51.744,-51.31,-51.41,-53.282,-52.462,-51.057,-41.399,-41.284,-72.968,-36.871,-36.362,-35.84,-1.8646,-36.461,-0.8094,0.61991,2.1245,-84.586,-55.023,-55.445
10.628,2.9747,-51.027,-59.095,-36.37,-63.845,-68.027,-63.719,-42.608,-63.4,-42.234,-42.123,-69.655,-2.226,0.92209,24.715,24.974,22.928,-48.46,-67.554,-47.584,-47.465,-68.457,-48.612,-68.75,-48.044,-33.089,-52.879,-48.586,-74.465,-31.907,3.4167,-32.128,-31.409,4.0521,-52.81,-52.668,-51.715,-53.829,-53.253,-53.789,-53.261,-52.216,-51.897,-51.971,-53.338,-52.741,-51.711,-40.62,-40.538,-73.041,-38.1,-37.624,-37.135,-2.5007,-37.716,-1.6461,-0.48418,0.74409,-83.291,-55.168,-55.458
13.16,5.4205,-50.213,-59.143,-37.067,-62.775,-67.649,-64.174,-42.954,-63.811,-42.382,-42.212,-69.585,-1.9159,1.4047,25.051,25.272,23.537,-48.395,-68.448,-47.021,-46.837,-69.487,-48.635,-69.824,-47.74,-33.532,-52.85,-48.594,-74.931,-31.976,2.6844,-30.237,-29.443,3.3045,-51.895,-51.667,-50.15,-53.551,-52.611,-53.485,-52.624,-50.944,-50.439,-50.555,-52.748,-51.784,-50.145,-41.883,-41.769,-73.14,-36.946,-36.431,-35.903,-3.6053,-36.531,-2.7706,-1.6394,-0.44777,-83.543,-52.745,-53.211
12.626,4.5898,-51.06,-57.669,-37.969,-64.391,-69.334,-62.944,-43.736,-62.687,-43.221,-43.068,-70.659,-2.0452,0.98507,23.406,23.641,21.786,-49.245,-67.317,-48.036,-47.873,-68.025,-49.456,-68.255,-48.669,-32.476,-52.716,-49.42,-75.717,-31.087,3.1436,-29.521,-28.897,3.6994,-53.542,-53.346,-52.036,-54.965,-54.158,-54.909,-54.169,-52.722,-52.285,-52.386,-54.276,-53.446,-52.031,-40.497,-40.398,-73.042,-36.809,-36.416,-36.013,-2.4115,-36.493,-1.6708,-0.66664,0.39139,-84.86,-56.431,-56.826
13.453,5.6499,-51.936,-59.304,-37.771,-62.725,-66.219,-63.874,-42.766,-63.576,-42.148,-41.965,-67.823,-1.7654,1.5492,23.703,23.979,21.811,-47.86,-67.26,-46.405,-46.21,-68.097,-48.115,-68.368,-47.166,-32.595,-54.264,-48.071,-72.024,-31.04,3.524,-31.027,-30.379,4.0726,-52.115,-51.879,-50.309,-53.831,-52.856,-53.763,-52.87,-51.13,-50.607,-50.728,-52.999,-52,-50.304,-41.072,-40.962,-72.986,-38.749,-38.355,-37.95,-3.0519,-38.432,-2.3523,-1.4034,-0.40297,-83.66,-55.418,-55.889
11.217,4.4388,-50.327,-57.709,-36.941,-62.357,-67.523,-63.25,-43.148,-62.949,-42.576,-42.406,-69.124,-0.9419,2.4249,23.346,23.633,21.376,-49.187,-68.051,-47.735,-47.539,-68.93,-49.441,-69.215,-48.496,-32.652,-53.192,-49.397,-74.693,-31.018,3.5303,-30.543,-29.841,4.1531,-53.196,-52.941,-51.234,-55.047,-53.997,-54.974,-54.012,-52.128,-51.559,-51.69,-54.151,-53.071,-51.228,-41.155,-41.03,-73.371,-38.334,-37.879,-37.411,-2.2133,-37.967,-1.3587,-0.2,1.0213,-83.64,-53.844,-54.403
15.308,6.5956,-50.355,-57.645,-36.938,-64.167,-69.484,-63.361,-42.908,-63.074,-42.323,-42.15,-71.054,-1.8367,1.3395,24.101,24.372,22.241,-48.752,-67.844,-47.369,-47.183,-68.646,-48.995,-68.907,-48.092,-32.13,-53.445,-48.953,-76.137,-30.638,3.5517,-31.646,-31.007,4.1418,-52.981,-52.755,-51.256,-54.626,-53.691,-54.561,-53.704,-52.039,-51.54,-51.655,-53.827,-52.87,-51.251,-40.845,-40.737,-72.866,-38.693,-38.287,-37.871,-2.4336,-38.366,-1.6511,-0.5909,0.52535,-83.759,-54.652,-55.1
13.936,5.8247,-50.748,-57.759,-38.276,-63.957,-68.983,-63.168,-44.13,-62.895,-43.538,-43.362,-70.434,-2.1654,1.1887,23.108,23.367,21.332,-49.287,-67.829,-47.835,-47.639,-68.6,-49.54,-68.85,-48.596,-32.774,-53.166,-49.497,-75.678,-31.16,1.9192,-29.754,-29.078,2.5497,-51.722,-51.472,-49.806,-53.526,-52.503,-53.455,-52.517,-50.679,-50.123,-50.251,-52.653,-51.6,-49.8,-39.853,-39.732,-72.303,-36.445,-36.007,-35.557,-1.5347,-36.092,-0.65815,0.53227,1.7892,-82.938,-50.203,-50.74
13.447,6.1252,-50.835,-58.245,-37.097,-64.328,-69.314,-63.63,-43.493,-63.328,-42.863,-42.676,-70.962,-1.3379,2.0427,23.846,24.111,22.024,-49.22,-67.833,-47.656,-47.446,-68.704,-49.494,-68.987,-48.474,-32.9,-52.129,-49.447,-75.832,-31.218,2.908,-28.641,-28.004,3.5252,-52.319,-52.05,-50.26,-54.275,-53.163,-54.197,-53.179,-51.196,-50.6,-50.737,-53.326,-52.187,-50.254,-40.937,-40.809,-73.079,-34.842,-34.43,-34.007,-2.1693,-34.51,-1.3287,-0.18913,1.0118,-81.789,-51.638,-52.207
13.931,6.0238,-50.123,-56.94,-37.174,-63.224,-68.362,-62.241,-43.339,-61.982,-42.859,-42.716,-69.659,-1.7614,1.5359,24.593,24.82,23.036,-49.12,-66.826,-48.028,-47.881,-67.522,-49.31,-67.747,-48.601,-32.937,-52.902,-49.277,-75.007,-31.57,1.9155,-31.27,-30.601,2.5396,-52.911,-52.74,-51.59,-54.144,-53.447,-54.096,-53.456,-52.194,-51.81,-51.898,-53.549,-52.828,-51.586,-40.372,-40.279,-73.361,-37.925,-37.504,-37.071,-2.4518,-37.586,-1.6239,-0.49713,0.69553,-83.036,-53.896,-54.233
12.224,5.1268,-50.146,-58.041,-36.253,-63.109,-67.358,-62.947,-41.908,-62.624,-41.244,-41.048,-69.105,-1.8137,1.5335,22.578,22.86,20.636,-47.709,-67.251,-46.038,-45.814,-68.188,-48.002,-68.493,-46.912,-31.984,-52.032,-47.952,-74.132,-30.247,2.5651,-29.196,-28.474,3.1859,-51.813,-51.522,-49.586,-53.937,-52.73,-53.853,-52.747,-50.598,-49.953,-50.101,-52.906,-51.671,-49.579,-40.719,-40.585,-73.282,-37.145,-36.676,-36.196,-2.5402,-36.767,-1.6918,-0.54368,0.66385,-83.998,-52.94,-53.562
14.537,6.8476,-50.388,-58.764,-36.621,-64.029,-68.192,-63.567,-42.585,-63.22,-41.894,-41.69,-70.145,-0.43605,2.972,25.07,25.369,23.012,-48.703,-67.781,-46.962,-46.73,-68.812,-49.008,-69.146,-47.872,-31.874,-52.114,-48.956,-75.198,-30.066,2.3784,-30.323,-29.558,3.0377,-53.111,-52.807,-50.789,-55.335,-54.07,-55.246,-54.087,-51.843,-51.171,-51.325,-54.254,-52.962,-50.782,-41.252,-41.11,-73.311,-38.084,-37.577,-37.056,-3.2369,-37.675,-2.3266,-1.0968,0.19389,-85.49,-54.492,-55.141
13.025,6.0099,-49.641,-56.547,-37.846,-62.632,-68.414,-62.432,-44.14,-62.156,-43.492,-43.299,-69.933,-1.0193,2.3954,23.639,23.899,21.856,-49.756,-67.486,-48.145,-47.929,-68.272,-50.037,-68.527,-48.989,-32.574,-52.448,-49.989,-75.629,-30.873,1.8751,-29.689,-29.082,2.4845,-52.516,-52.24,-50.404,-54.514,-53.38,-54.435,-53.396,-51.365,-50.753,-50.894,-53.546,-52.381,-50.397,-40.703,-40.576,-73.58,-37.58,-37.199,-36.806,-4.469,-37.273,-3.6495,-2.5363,-1.3605,-82.456,-51.063,-51.641
13.087,5.6103,-50.84,-58.92,-36.869,-62.64,-68.082,-64.035,-43.162,-63.719,-42.581,-42.409,-69.765,-2.4072,0.87436,23.295,23.591,21.263,-49.074,-68.403,-47.717,-47.535,-69.272,-49.311,-69.555,-48.427,-33.06,-53.745,-49.27,-75.545,-31.569,3.0901,-30.819,-30.115,3.6618,-52.988,-52.771,-51.325,-54.563,-53.669,-54.5,-53.681,-52.082,-51.6,-51.711,-53.8,-52.882,-51.32,-40.885,-40.78,-73.622,-37.589,-37.162,-36.723,-1.7104,-37.245,-0.989,-0.0093562,1.0251,-84.747,-54.249,-54.674
,,,,,,,,,,,,,,,,,,,,,,,,,,,,,,,,,,,,,,,,,,,,,,,,,,,,,,,,,,,,,
13.067083,5.528826,-50.36725,-57.98338,-36.85331,-63.37904,-68.11096,-63.27482,-42.60613,-62.96874,-42.01709,-41.84247,-69.75852,-1.362827666,1.9997671,23.88115,24.1426,22.08435,-48.30384,-67.67537,-46.87849,-46.68716,-68.54862,-48.55318,-68.83224,-47.62479,-32.41109,-52.81857,-48.51054,-74.84972,-30.81396,3.1527164,-30.23426,-29.55176,3.781597,-52.41011,-52.17124,-50.58038,-54.14413,-53.15965,-54.07536,-53.17325,-51.41299,-50.88269,-51.00454,-53.30371,-52.29334,-50.57458,-40.93803,-40.82,-73.93872,-37.27286,-36.83079,-36.37702,-2.4721498,-36.91663,-1.62381602,-0.473787239,0.738016587,-83.79994,-54.05404,-54.54856
1.7052996,1.404449662,0.705296232,1.066960119,0.792974387,0.693448663,0.813577173,0.80262557,0.770943966,0.779788428,0.767738869,0.768099694,0.746115685,0.579652241,0.631139568,1.383569497,1.383527142,1.395199022,0.74112175,0.75599886,0.729648116,0.733139351,0.830847076,0.749882649,0.857486545,0.7273685,0.552006351,0.907804213,0.748229971,0.86112541,0.578856203,0.693557671,1.013902707,0.994697549,0.675193295,0.875786848,0.87532895,0.932466457,0.952133305,0.893312657,0.946812009,0.893842397,0.890100352,0.914195442,0.907709732,0.899469095,0.875215889,0.932905326,0.671230416,0.662450776,8.190394019,1.08768661,1.074374587,1.063487867,1.093427327,1.076806508,1.089700973,1.10241665,1.136988516,1.307457737,1.816166241,1.772204245